id_x,numero,saldo,id_y,nome,cpf,Faixa_saldo,Faixa_num
1,34828,10980.86,1,Bruno Raphael Andrade Santos,615.019.033-14,Gold (5K - 14K),2
2,63594,2236.49,2,Maria Victoria,123.456.789-10,Platine (1200K - 5K),1
3,5276,5373.46,3,Pedro Miguel ,013.179.063.30,Gold (5K - 14K),2
4,21717,4301.14,4,Kaique Pires,620.983.145-15,Platine (1200K - 5K),1
5,13005,1421.19,5,Brayan Duarte,269.451.730-70,Platine (1200K - 5K),1
6,29634,678.08,6,Rafael Leão,265.041.397-25,Silver (<1200K),0
7,54096,2255.62,7,Isis Costa,490.287.536-56,Platine (1200K - 5K),1
8,44148,1668.57,8,Eduarda Dias,409.782.613-13,Platine (1200K - 5K),1
9,53843,3093.96,9,Yasmin Fonseca,810.279.435-60,Platine (1200K - 5K),1
10,34989,2231.65,10,Dr. Luiz Gustavo Rodrigues,783.904.265-10,Platine (1200K - 5K),1
11,60598,4875.31,11,Thales Viana,472.830.561-90,Platine (1200K - 5K),1
12,45496,415.67,12,Ana Vitória Pastor,032.467.589-56,Silver (<1200K),0
13,11649,774.69,13,Dr. Thiago Santos,652.987.043-10,Silver (<1200K),0
14,93440,1386.21,14,Diogo da Mata,321.496.870-03,Platine (1200K - 5K),1
15,56829,4852.4,15,Maria Júlia Albuquerque,365.291.470-80,Platine (1200K - 5K),1
16,22473,2904.26,16,Nicole Ramos,186.427.359-37,Platine (1200K - 5K),1
17,90449,3174.06,17,Valentina Viana,647.023.581-62,Platine (1200K - 5K),1
18,47017,1469.88,18,Manuella da Mota,349.058.172-50,Platine (1200K - 5K),1
19,25194,1084.71,19,Ana Beatriz Mendonça,498.172.306-78,Silver (<1200K),0
20,31517,542.53,20,Renan da Cunha,634.782.019-69,Silver (<1200K),0
21,33525,4822.89,21,Gabriel Garcia,953.208.176-30,Platine (1200K - 5K),1
22,90231,858.84,22,Clarice Souza,138.926.047-03,Silver (<1200K),0
23,95109,4664.19,23,Melina Viana,984.761.532-28,Platine (1200K - 5K),1
24,50541,3468.57,24,Maria Cecília Costela,874.510.963-00,Platine (1200K - 5K),1
25,78355,4768.49,25,Hadassa Santos,842.037.659-00,Platine (1200K - 5K),1
26,91701,1464.63,26,Sra. Catarina Moraes,157.392.406-70,Platine (1200K - 5K),1
27,14698,3777.96,27,Calebe Pinto,851.249.307-05,Platine (1200K - 5K),1
28,55090,3538.17,28,Pedro Mendonça,932.147.560-52,Platine (1200K - 5K),1
29,81563,3302.43,29,Apollo da Cunha,907.345.681-93,Platine (1200K - 5K),1
30,17967,2961.11,30,Sra. Sarah Jesus,570.213.486-90,Platine (1200K - 5K),1
31,50229,196.85,31,Rafaela Araújo,296.471.835-00,Silver (<1200K),0
32,43963,3075.75,32,Dra. Alexia da Rocha,287.639.105-86,Platine (1200K - 5K),1
33,16915,3091.49,33,Mateus Almeida,032.459.876-92,Platine (1200K - 5K),1
34,18932,2978.04,34,Vitor Sousa,645.013.897-10,Platine (1200K - 5K),1
35,49863,2537.48,35,Isadora Pires,682.049.513-70,Platine (1200K - 5K),1
36,46144,449.78,36,Mariah Gonçalves,671.594.803-84,Silver (<1200K),0
37,36224,3830.08,37,Dr. João Lucas Cunha,493.617.085-20,Platine (1200K - 5K),1
38,96020,2169.62,38,Léo Rios,792.534.801-14,Platine (1200K - 5K),1
39,25238,4280.25,39,Juan Nascimento,856.719.240-49,Platine (1200K - 5K),1
40,5891,3518.76,40,Sr. Calebe Sales,158.302.694-06,Platine (1200K - 5K),1
41,97831,4437.86,41,Apollo Barbosa,063.215.498-51,Platine (1200K - 5K),1
42,10241,3438.78,42,Joana Mendonça,194.058.236-98,Platine (1200K - 5K),1
43,1965,1795.42,43,Breno Dias,851.473.692-28,Platine (1200K - 5K),1
44,61769,4257.42,44,Théo Machado,817.209.346-22,Platine (1200K - 5K),1
45,44771,1875.74,45,Joaquim da Mota,609.852.734-29,Platine (1200K - 5K),1
46,59719,2878.1,46,Antônio Campos,956.840.321-33,Platine (1200K - 5K),1
47,59496,1058.08,47,Maria Clara Alves,734.158.260-07,Silver (<1200K),0
48,18765,652.78,48,Ana Luiza Barros,783.169.452-82,Silver (<1200K),0
49,74470,1971.58,49,Murilo Barbosa,168.247.053-90,Platine (1200K - 5K),1
50,70625,1993.6,50,Ravi Lucca Vasconcelos,645.107.823-90,Platine (1200K - 5K),1
51,69133,4728.79,51,Ana Cecília Almeida,140.973.685-75,Platine (1200K - 5K),1
52,31833,1711.21,52,Dr. Vitor Ribeiro,731.048.926-87,Platine (1200K - 5K),1
53,34874,1120.93,53,Arthur Miguel da Paz,719.284.065-30,Silver (<1200K),0
54,12126,972.31,54,Noah Câmara,897.235.610-77,Silver (<1200K),0
55,6504,62.27,55,Dra. Melina Duarte,846.057.392-38,Silver (<1200K),0
56,15794,489.32,56,Mateus Dias,925.403.761-34,Silver (<1200K),0
57,20921,2224.13,57,Sra. Jade Silveira,075.238.496-10,Platine (1200K - 5K),1
58,64507,755.71,58,Maria Clara da Rocha,057.386.219-21,Silver (<1200K),0
59,26313,4171.47,59,Vitor Gabriel Albuquerque,654.189.320-98,Platine (1200K - 5K),1
60,40504,4309.63,60,Clarice Pacheco,108.763.452-08,Platine (1200K - 5K),1
61,96377,4087.41,61,Sophie Camargo,658.724.130-17,Platine (1200K - 5K),1
62,36232,4618.75,62,Melina Silveira,375.260.849-83,Platine (1200K - 5K),1
63,93245,1725.44,63,Maria Luiza Costa,857.964.201-94,Platine (1200K - 5K),1
64,1790,4586.16,64,Laís Castro,029.683.174-31,Platine (1200K - 5K),1
65,52642,2245.66,65,Bernardo Campos,702.185.694-67,Platine (1200K - 5K),1
66,71717,3468.39,66,Antônio Fonseca,087.524.693-10,Platine (1200K - 5K),1
67,85523,399.82,67,Mathias Pimenta,503.642.918-42,Silver (<1200K),0
68,83196,1507.54,68,Dra. Agatha Sampaio,023.174.968-69,Platine (1200K - 5K),1
69,97200,1511.81,69,Maya das Neves,829.107.654-58,Platine (1200K - 5K),1
70,51234,2624.02,70,Alexia Montenegro,532.497.608-38,Platine (1200K - 5K),1
71,22315,3644.45,71,Sofia Costa,539.204.687-83,Platine (1200K - 5K),1
72,86087,4037.93,72,Pedro Henrique Cavalcante,294.517.860-58,Platine (1200K - 5K),1
73,47942,709.25,73,Luiz Otávio Almeida,806.395.471-84,Silver (<1200K),0
74,92724,693.16,74,Ana Luiza Duarte,658.730.219-02,Silver (<1200K),0
75,4724,1600.02,75,Oliver Sá,869.543.012-05,Platine (1200K - 5K),1
76,48177,4033.15,76,Manuella Cassiano,930.245.618-89,Platine (1200K - 5K),1
77,58171,3800.31,77,Pedro Miguel Novaes,071.458.396-01,Platine (1200K - 5K),1
78,12974,1905.59,78,Fernanda Moraes,047.652.198-01,Platine (1200K - 5K),1
79,29497,2783.96,79,Yago Ribeiro,392.058.147-41,Platine (1200K - 5K),1
80,47196,1935.71,80,Rael Sá,871.046.293-78,Platine (1200K - 5K),1
81,21069,705.9,81,Marcelo Monteiro,735.420.918-04,Silver (<1200K),0
82,68723,3183.47,82,Helena Alves,309.654.172-80,Platine (1200K - 5K),1
83,19615,1136.72,83,Zoe Ramos,082.735.946-29,Silver (<1200K),0
84,83585,2674.05,84,Eduardo Lopes,890.145.327-41,Platine (1200K - 5K),1
85,92513,3755.66,85,Asafe Barbosa,321.857.460-90,Platine (1200K - 5K),1
86,62739,251.44,86,Diogo Fonseca,095.724.163-16,Silver (<1200K),0
87,48221,2280.31,87,Sr. Breno Viana,856.417.293-37,Platine (1200K - 5K),1
88,52712,4875.91,88,José Abreu,702.584.196-01,Platine (1200K - 5K),1
89,80649,1269.85,89,Sophie Novais,239.851.076-02,Platine (1200K - 5K),1
90,43107,1419.41,90,Stella Cunha,491.653.270-80,Platine (1200K - 5K),1
91,27163,2277.85,91,Ana Laura Novaes,318.926.450-33,Platine (1200K - 5K),1
92,32906,1314.24,92,Arthur Pinto,281.504.793-41,Platine (1200K - 5K),1
93,34640,346.05,93,Ísis Jesus,736.215.940-43,Silver (<1200K),0
94,64150,3567.77,94,Valentina Cassiano,927.140.358-41,Platine (1200K - 5K),1
95,26076,2273.92,95,Marcela Mendes,869.275.034-47,Platine (1200K - 5K),1
96,75557,3442.94,96,Lunna Martins,580.273.419-14,Platine (1200K - 5K),1
97,83875,2151.88,97,Igor Pires,087.213.596-95,Platine (1200K - 5K),1
98,57351,850.51,98,Joaquim Melo,823.476.509-47,Silver (<1200K),0
99,41119,630.57,99,Ana Julia Dias,834.715.209-88,Silver (<1200K),0
100,56624,1856.31,100,Caleb Pereira,217.904.683-96,Platine (1200K - 5K),1
101,6334,1947.22,101,Dr. Marcos Vinicius Alves,397.158.042-41,Platine (1200K - 5K),1
102,38409,2760.96,102,Rebeca Ribeiro,501.647.389-75,Platine (1200K - 5K),1
103,25275,3407.86,103,Matteo Silva,837.902.451-60,Platine (1200K - 5K),1
104,16323,2467.84,104,Elisa Abreu,327.458.960-83,Platine (1200K - 5K),1
105,14296,567.21,105,Anthony Gabriel Rios,639.457.821-55,Silver (<1200K),0
106,99684,2020.14,106,Vitória Farias,043.561.927-61,Platine (1200K - 5K),1
107,52526,4292.56,107,Gael Henrique Aragão,748.512.936-82,Platine (1200K - 5K),1
108,93583,266.49,108,André Vargas,409.527.861-76,Silver (<1200K),0
109,20245,2569.76,109,Eduardo Camargo,162.059.847-76,Platine (1200K - 5K),1
110,20431,3650.98,110,Sophie Rios,156.902.834-60,Platine (1200K - 5K),1
111,23939,3457.99,111,Anna Liz Vieira,703.894.256-56,Platine (1200K - 5K),1
112,14132,1538.8,112,Maria Sophia Aragão,516.290.387-68,Platine (1200K - 5K),1
113,68402,3455.87,113,Sra. Maria Vitória da Rosa,408.261.379-03,Platine (1200K - 5K),1
114,26070,679.84,114,Larissa Barros,984.765.230-92,Silver (<1200K),0
115,21638,4945.15,115,Luan Silveira,896.305.472-10,Platine (1200K - 5K),1
116,25673,785.2,116,Dr. Paulo Pastor,395.048.612-70,Silver (<1200K),0
117,93934,598.92,117,Srta. Raquel Aragão,830.745.619-39,Silver (<1200K),0
118,28047,3331.4,118,Théo Rodrigues,436.520.178-62,Platine (1200K - 5K),1
119,8907,274.64,119,Sr. Fernando Cavalcanti,293.471.865-46,Silver (<1200K),0
120,98653,4834.76,120,Luiz Gustavo Silva,812.693.457-37,Platine (1200K - 5K),1
121,52590,3742.24,121,Maria Sophia Costa,865.394.120-70,Platine (1200K - 5K),1
122,42337,1721.56,122,Ágatha Moura,086.512.947-94,Platine (1200K - 5K),1
123,64556,3249.29,123,Dra. Stella Pacheco,897.654.012-30,Platine (1200K - 5K),1
124,6640,337.78,124,Luigi Novais,850.693.217-30,Silver (<1200K),0
125,69669,4678.05,125,João Miguel Rodrigues,654.013.289-15,Platine (1200K - 5K),1
126,27126,1467.71,126,Sr. Breno Freitas,279.310.658-59,Platine (1200K - 5K),1
127,52693,1057.11,127,Ana Lívia Monteiro,456.019.328-24,Silver (<1200K),0
128,65006,4067.85,128,Ana Lívia Dias,126.759.048-30,Platine (1200K - 5K),1
129,89589,2229.5,129,Arthur Miguel Siqueira,210.675.938-02,Platine (1200K - 5K),1
130,18505,3180.83,130,Maria Helena Porto,508.942.137-41,Platine (1200K - 5K),1
131,79975,1481.61,131,Lorena Macedo,549.013.267-16,Platine (1200K - 5K),1
132,81262,4980.97,132,Dom Pinto,752.864.091-30,Platine (1200K - 5K),1
133,86062,1263.64,133,Dra. Ana Clara Cardoso,754.026.389-00,Platine (1200K - 5K),1
134,46252,1323.17,134,Mariah Sousa,947.382.610-96,Platine (1200K - 5K),1
135,19443,4281.96,135,Juliana Silveira,097.356.812-77,Platine (1200K - 5K),1
136,60436,151.2,136,Maria Cecília da Mota,812.765.349-73,Silver (<1200K),0
137,8924,2699.83,137,Srta. Maria Guerra,048.351.762-35,Platine (1200K - 5K),1
138,56889,2673.16,138,Ana Júlia Moura,987.342.516-00,Platine (1200K - 5K),1
139,97357,569.87,139,Sofia Barbosa,384.297.605-47,Silver (<1200K),0
140,63679,2804.96,140,Léo Novais,043.267.158-71,Platine (1200K - 5K),1
141,51243,894.61,141,João Lucas Brito,230.674.185-90,Silver (<1200K),0
142,4268,2647.49,142,Joaquim Vasconcelos,194.650.287-11,Platine (1200K - 5K),1
143,65910,1067.13,143,Sra. Allana Freitas,683.549.217-19,Silver (<1200K),0
144,37173,4810.73,144,Jade da Rocha,629.814.073-50,Platine (1200K - 5K),1
145,12845,3285.54,145,Dra. Laís Borges,689.532.417-82,Platine (1200K - 5K),1
146,37543,876.72,146,Benjamim Cunha,708.963.421-31,Silver (<1200K),0
147,67510,3031.89,147,Lívia Fernandes,854.712.936-73,Platine (1200K - 5K),1
148,50353,1048.63,148,Isabel Pacheco,640.189.325-70,Silver (<1200K),0
149,38271,84.08,149,Alice Rocha,987.123.504-60,Silver (<1200K),0
150,33544,531.73,150,Isabella Machado,173.954.820-50,Silver (<1200K),0
151,58425,550.11,151,Kevin Garcia,917.035.862-12,Silver (<1200K),0
152,7229,1085.03,152,Dom Pinto,985.402.731-79,Silver (<1200K),0
153,29361,571.5,153,Sr. João Gabriel da Conceição,507.193.486-84,Silver (<1200K),0
154,49582,1803.64,154,Ana Clara Borges,563.894.172-09,Platine (1200K - 5K),1
155,38141,4300.1,155,Ana Luiza Aparecida,812.537.649-64,Platine (1200K - 5K),1
156,37500,854.73,156,Olívia Ramos,756.309.128-95,Silver (<1200K),0
157,91687,4891.25,157,Josué Moreira,605.742.813-71,Platine (1200K - 5K),1
158,98984,1092.48,158,Maria Helena Nunes,249.571.630-06,Silver (<1200K),0
159,98136,4485.56,159,Isabelly Moura,498.376.501-84,Platine (1200K - 5K),1
160,57436,2452.01,160,Maria Fernanda Araújo,201.795.846-85,Platine (1200K - 5K),1
161,46072,508.04,161,Maitê Aragão,206.384.591-33,Silver (<1200K),0
162,61303,3190.73,162,Isabela da Mata,619.372.584-91,Platine (1200K - 5K),1
163,2216,570.99,163,Dr. Guilherme Rios,340.589.126-42,Silver (<1200K),0
164,70410,3065.11,164,Ana Beatriz Rios,064.923.751-06,Platine (1200K - 5K),1
165,64328,4557.87,165,Mariana Casa Grande,907.482.531-14,Platine (1200K - 5K),1
166,41120,4852.38,166,Melissa Gonçalves,768.924.105-02,Platine (1200K - 5K),1
167,91360,246.07,167,Lucca da Mota,580.163.492-42,Silver (<1200K),0
168,60408,4779.73,168,Bernardo Andrade,435.197.680-20,Platine (1200K - 5K),1
169,47492,3890.57,169,Maya Pires,705.913.642-80,Platine (1200K - 5K),1
170,67284,503.5,170,Levi Moreira,267.013.954-06,Silver (<1200K),0
171,19927,1376.51,171,Camila Casa Grande,091.438.265-98,Platine (1200K - 5K),1
172,80284,2332.28,172,Juan Pastor,451.973.082-14,Platine (1200K - 5K),1
173,6873,86.23,173,Dra. Gabrielly Santos,438.519.706-75,Silver (<1200K),0
174,15709,1955.88,174,Dra. Elisa Campos,840.372.691-04,Platine (1200K - 5K),1
175,67024,3781.85,175,Arthur Gabriel da Mata,782.946.510-01,Platine (1200K - 5K),1
176,40379,427.27,176,Sarah da Paz,396.027.415-70,Silver (<1200K),0
177,2542,2874.05,177,Ana Lima,473.081.269-78,Platine (1200K - 5K),1
178,92602,812.4,178,Sr. Vitor Gabriel Pinto,106.475.398-10,Silver (<1200K),0
179,82425,257.18,179,Lorenzo Barros,819.753.640-66,Silver (<1200K),0
180,15753,288.04,180,Maria Vitória Ribeiro,693.157.842-19,Silver (<1200K),0
181,90197,4874.23,181,Sra. Olívia Azevedo,517.380.469-66,Platine (1200K - 5K),1
182,4224,4116.55,182,Daniela Ramos,901.624.587-11,Platine (1200K - 5K),1
183,2244,1138.54,183,Beatriz Rezende,418.507.923-05,Silver (<1200K),0
184,28095,87.84,184,Leonardo Pimenta,392.471.568-82,Silver (<1200K),0
185,93620,3450.7,185,Sr. Lucca Moreira,703.895.264-10,Platine (1200K - 5K),1
186,30904,3021.79,186,José Pedro Jesus,594.681.027-85,Platine (1200K - 5K),1
187,78238,3245.34,187,Laura Guerra,690.437.251-61,Platine (1200K - 5K),1
188,90027,4848.26,188,Hadassa Viana,203.894.716-31,Platine (1200K - 5K),1
189,78804,1675.07,189,Melina Cardoso,149.875.036-20,Platine (1200K - 5K),1
190,57968,4791.2,190,Benjamim Lima,468.023.519-51,Platine (1200K - 5K),1
191,87280,3564.75,191,Diogo Casa Grande,089.347.215-88,Platine (1200K - 5K),1
192,77102,1656.36,192,Laura Cassiano,540.319.682-05,Platine (1200K - 5K),1
193,73084,3039.82,193,Dra. Lorena Nunes,401.679.583-48,Platine (1200K - 5K),1
194,88845,3832.63,194,Anthony Gabriel Porto,329.576.481-64,Platine (1200K - 5K),1
195,86226,612.74,195,Heloisa Lopes,805.234.671-17,Silver (<1200K),0
196,41647,1104.71,196,Pedro Lucas Pereira,812.476.950-85,Silver (<1200K),0
197,94761,1095.0,197,Arthur Miguel Costela,932.784.516-19,Silver (<1200K),0
198,49642,3141.14,198,Luiz Henrique Cirino,753.429.106-25,Platine (1200K - 5K),1
199,7215,2019.43,199,Luan Teixeira,869.547.123-37,Platine (1200K - 5K),1
200,87984,1095.22,200,Srta. Maria Fernanda Santos,810.942.763-40,Silver (<1200K),0
201,55779,4400.72,201,Levi Ferreira,325.478.196-19,Platine (1200K - 5K),1
202,3434,2288.09,202,Luan Cavalcante,548.176.329-09,Platine (1200K - 5K),1
203,69726,4149.21,203,Ravi Lucca da Rosa,520.617.498-01,Platine (1200K - 5K),1
204,38663,433.08,204,Anthony Gabriel Machado,826.019.574-76,Silver (<1200K),0
205,44122,2822.34,205,Marcela Câmara,306.157.284-80,Platine (1200K - 5K),1
206,72168,4227.18,206,Diogo Lopes,051.793.684-48,Platine (1200K - 5K),1
207,67822,1451.59,207,Francisco Aragão,780.356.924-29,Platine (1200K - 5K),1
208,68818,3279.71,208,Sr. Kevin Abreu,921.806.345-60,Platine (1200K - 5K),1
209,33922,1584.5,209,Dra. Alice Teixeira,876.031.259-95,Platine (1200K - 5K),1
210,27827,276.4,210,Dr. Emanuel Moura,230.965.147-80,Silver (<1200K),0
211,15231,2821.13,211,Sra. Aurora Alves,054.197.683-48,Platine (1200K - 5K),1
212,44852,402.37,212,Luiz Miguel Cardoso,341.257.690-52,Silver (<1200K),0
213,5593,323.49,213,André Guerra,476.582.930-83,Silver (<1200K),0
214,91771,1385.46,214,Emilly Fernandes,826.459.703-38,Platine (1200K - 5K),1
215,71329,4600.92,215,Ravi Lucca Moraes,139.258.647-09,Platine (1200K - 5K),1
216,15540,3424.33,216,Eloá Santos,296.731.485-46,Platine (1200K - 5K),1
217,10378,995.17,217,Dra. Sophie da Paz,302.156.897-12,Silver (<1200K),0
218,8593,2656.1,218,Agatha Viana,947.251.038-88,Platine (1200K - 5K),1
219,47067,1450.16,219,Luiz Gustavo das Neves,670.394.281-13,Platine (1200K - 5K),1
220,89866,510.19,220,Clara Macedo,341.257.689-19,Silver (<1200K),0
221,97708,857.24,221,Lívia da Mata,406.739.521-34,Silver (<1200K),0
222,8402,494.93,222,Arthur Leão,610.954.873-10,Silver (<1200K),0
223,90776,3082.77,223,Enrico Rodrigues,185.704.396-01,Platine (1200K - 5K),1
224,41479,2630.88,224,Ana Julia Azevedo,072.849.165-67,Platine (1200K - 5K),1
225,96882,1979.61,225,Isaac Mendonça,614.208.597-49,Platine (1200K - 5K),1
226,55274,2806.85,226,Anthony Montenegro,071.645.289-85,Platine (1200K - 5K),1
227,37091,1815.99,227,Maria Helena Pimenta,923.845.617-82,Platine (1200K - 5K),1
228,21083,928.69,228,Isabel Araújo,679.582.413-64,Silver (<1200K),0
229,70703,3955.57,229,André Ferreira,069.853.247-38,Platine (1200K - 5K),1
230,8877,3631.1,230,Nina Vargas,065.213.984-15,Platine (1200K - 5K),1
231,80900,2424.72,231,João Guilherme Dias,217.390.684-40,Platine (1200K - 5K),1
232,76732,4290.39,232,Maria Clara Pacheco,518.790.246-67,Platine (1200K - 5K),1
233,32343,2357.42,233,Dra. Mariana Rios,243.097.516-52,Platine (1200K - 5K),1
234,54295,4689.68,234,Sr. Josué Novais,701.498.256-76,Platine (1200K - 5K),1
235,45615,4477.96,235,Augusto Silva,548.297.631-91,Platine (1200K - 5K),1
236,71404,3780.5,236,Maria Liz Santos,134.829.056-06,Platine (1200K - 5K),1
237,99332,2118.39,237,Caleb Rocha,729.036.184-96,Platine (1200K - 5K),1
238,71870,4124.01,238,Helena Cunha,791.824.650-02,Platine (1200K - 5K),1
239,54343,4529.19,239,Sr. Paulo Nascimento,394.802.571-14,Platine (1200K - 5K),1
240,70540,288.15,240,Anthony Gabriel Lopes,096.751.832-68,Silver (<1200K),0
241,84275,90.78,241,Agatha Albuquerque,390.158.674-10,Silver (<1200K),0
242,95704,893.29,242,Maria Clara Camargo,319.574.206-34,Silver (<1200K),0
243,61206,4103.3,243,Emanuella da Rocha,148.065.973-84,Platine (1200K - 5K),1
244,65667,3783.27,244,Jade da Mota,035.789.412-04,Platine (1200K - 5K),1
245,31303,1271.44,245,Benjamim Costa,086.391.457-84,Platine (1200K - 5K),1
246,48495,4103.34,246,Milena Sousa,712.935.460-70,Platine (1200K - 5K),1
247,22276,863.46,247,Maitê da Rosa,962.483.157-28,Silver (<1200K),0
248,6356,3055.18,248,Amanda Cirino,312.850.946-89,Platine (1200K - 5K),1
249,43171,4349.61,249,Allana Pimenta,592.461.370-43,Platine (1200K - 5K),1
250,29741,521.95,250,Ágatha Fogaça,059.362.174-34,Silver (<1200K),0
251,55861,4951.17,251,Maria Eduarda Moraes,960.745.823-00,Platine (1200K - 5K),1
252,83264,4735.17,252,Sabrina Sales,425.983.016-33,Platine (1200K - 5K),1
253,34694,4398.15,253,Anthony Vargas,857.120.643-08,Platine (1200K - 5K),1
254,60963,3686.43,254,Camila Azevedo,321.987.560-21,Platine (1200K - 5K),1
255,24019,76.68,255,Gabriela Azevedo,602.415.379-16,Silver (<1200K),0
256,44762,2291.62,256,Marcelo Moura,074.312.965-25,Platine (1200K - 5K),1
257,96146,2765.79,257,Heloísa Pinto,786.294.531-09,Platine (1200K - 5K),1
258,57168,1665.28,258,Liam Aparecida,382.157.460-71,Platine (1200K - 5K),1
259,70700,4536.53,259,Vinícius Sampaio,349.716.258-28,Platine (1200K - 5K),1
260,76216,316.76,260,Srta. Maria Luísa Moreira,280.913.674-22,Silver (<1200K),0
261,50051,347.53,261,João Lucas Casa Grande,806.521.437-17,Silver (<1200K),0
262,83146,2428.8,262,Ana Lívia Pires,154.670.283-08,Platine (1200K - 5K),1
263,14131,38.27,263,Dr. Lorenzo Abreu,256.794.013-80,Silver (<1200K),0
264,48020,2875.07,264,Théo Fernandes,739.682.104-50,Platine (1200K - 5K),1
265,21974,3374.35,265,Mateus Farias,324.189.567-09,Platine (1200K - 5K),1
266,11440,2844.55,266,Ana Carolina Souza,528.634.107-17,Platine (1200K - 5K),1
267,78906,1268.44,267,Eloah Carvalho,032.891.574-23,Platine (1200K - 5K),1
268,69349,1267.55,268,Sarah da Cunha,068.945.317-57,Platine (1200K - 5K),1
269,48111,708.34,269,Isadora Rodrigues,370.854.296-74,Silver (<1200K),0
270,50719,1960.24,270,Dr. Noah Pacheco,431.250.796-16,Platine (1200K - 5K),1
271,69044,4405.81,271,Heitor Freitas,052.193.647-07,Platine (1200K - 5K),1
272,17601,3666.91,272,Lorena da Paz,682.045.137-71,Platine (1200K - 5K),1
273,39649,2621.16,273,João Miguel da Mota,785.049.312-50,Platine (1200K - 5K),1
274,23940,3176.35,274,Raquel Sá,094.763.518-10,Platine (1200K - 5K),1
275,38511,2903.73,275,Eduardo Sousa,978.614.520-85,Platine (1200K - 5K),1
276,8961,4140.42,276,Joana Borges,635.842.970-10,Platine (1200K - 5K),1
277,12263,944.03,277,Ayla Rodrigues,521.386.479-19,Silver (<1200K),0
278,24903,2957.82,278,Lorena da Rosa,837.051.624-62,Platine (1200K - 5K),1
279,68351,4381.13,279,Maria Helena das Neves,920.138.674-50,Platine (1200K - 5K),1
280,44733,1047.19,280,Vitor Azevedo,716.945.028-30,Silver (<1200K),0
281,17864,3388.25,281,Sr. Lucas Gabriel Cardoso,820.531.679-12,Platine (1200K - 5K),1
282,69143,3905.5,282,Matteo da Mata,530.819.726-12,Platine (1200K - 5K),1
283,28195,3365.24,283,Srta. Maria Cecília Casa Grande,628.403.175-08,Platine (1200K - 5K),1
284,60576,2875.06,284,Dr. Renan Ribeiro,351.708.649-57,Platine (1200K - 5K),1
285,26593,3662.46,285,Zoe Teixeira,146.987.205-67,Platine (1200K - 5K),1
286,91946,2931.62,286,Sra. Heloísa Farias,091.647.583-20,Platine (1200K - 5K),1
287,31263,1702.72,287,Valentina Melo,530.168.974-66,Platine (1200K - 5K),1
288,34961,3169.04,289,Bianca Barbosa,571.496.238-91,Platine (1200K - 5K),1
289,44936,4255.57,290,Helena da Rocha,956.230.481-70,Platine (1200K - 5K),1
290,4849,1374.07,291,Bárbara Silva,293.801.547-04,Platine (1200K - 5K),1
291,13283,1064.83,292,Luiz Otávio da Mota,451.903.276-80,Silver (<1200K),0
292,28617,560.04,293,Maria Luísa Barros,569.304.721-07,Silver (<1200K),0
293,59072,4155.29,294,André Gonçalves,154.973.602-70,Platine (1200K - 5K),1
294,77202,3741.63,295,Daniel Campos,537.986.012-59,Platine (1200K - 5K),1
295,28217,4962.86,296,Dra. Allana Costela,925.708.643-74,Platine (1200K - 5K),1
296,47904,3771.11,297,Leandro Moraes,709.361.852-95,Platine (1200K - 5K),1
297,7574,2059.86,298,Kamilly Cassiano,059.327.846-10,Platine (1200K - 5K),1
298,79659,2743.21,299,Rafael Cunha,584.937.261-09,Platine (1200K - 5K),1
299,76748,2527.42,300,Ana Lívia Machado,571.086.492-76,Platine (1200K - 5K),1
300,41866,4676.7,301,Marina Moraes,843.792.650-56,Platine (1200K - 5K),1
301,16960,2216.06,302,Alice Novaes,573.461.290-16,Platine (1200K - 5K),1
302,21052,3605.45,303,Maria Júlia Teixeira,725.089.461-76,Platine (1200K - 5K),1
303,51202,2088.41,304,Pietro Cardoso,160.845.732-07,Platine (1200K - 5K),1
304,38743,313.24,305,Ayla Lopes,681.793.024-31,Silver (<1200K),0
305,6290,858.79,306,Melina Rocha,459.631.870-01,Silver (<1200K),0
306,90953,3584.65,307,Maria Eduarda Carvalho,951.630.472-99,Platine (1200K - 5K),1
307,2245,85.1,308,Amanda Duarte,268.314.950-60,Silver (<1200K),0
308,11962,295.86,309,Melina Vargas,031.629.584-15,Silver (<1200K),0
309,25294,699.83,310,Gabrielly Nogueira,974.250.386-92,Silver (<1200K),0
310,52330,1769.78,311,Dra. Yasmin da Rosa,402.513.768-26,Platine (1200K - 5K),1
311,48432,871.82,312,Emanuel Andrade,301.875.629-03,Silver (<1200K),0
312,50307,4828.2,313,Nicolas Pastor,764.019.382-69,Platine (1200K - 5K),1
313,28803,1858.24,314,Ravy Peixoto,592.834.061-33,Platine (1200K - 5K),1
314,64251,4317.58,315,Kamilly Duarte,846.309.527-56,Platine (1200K - 5K),1
315,71799,380.49,316,Maria Eduarda Aparecida,935.067.241-34,Silver (<1200K),0
316,46908,2679.72,317,Ana Júlia Monteiro,309.416.582-60,Platine (1200K - 5K),1
317,53635,2615.26,318,Carolina da Cunha,069.853.417-48,Platine (1200K - 5K),1
318,37977,2058.72,319,Ana Luiza Brito,834.209.175-97,Platine (1200K - 5K),1
319,89317,3418.9,320,Rafaela Câmara,512.049.378-50,Platine (1200K - 5K),1
320,28679,1284.52,321,Erick Andrade,169.072.385-86,Platine (1200K - 5K),1
321,16124,2417.65,322,Carlos Eduardo Costa,621.753.804-08,Platine (1200K - 5K),1
322,79961,337.98,323,Cauê Gonçalves,381.279.546-91,Silver (<1200K),0
323,80258,4348.54,324,Noah Mendonça,923.604.587-10,Platine (1200K - 5K),1
324,41296,3303.36,325,Pedro Henrique Aragão,397.281.046-69,Platine (1200K - 5K),1
325,90868,3143.86,326,Srta. Evelyn Caldeira,057.243.961-06,Platine (1200K - 5K),1
326,70564,351.03,327,Diogo Brito,790.235.641-70,Silver (<1200K),0
327,67008,1655.49,328,João Felipe da Mata,527.908.641-01,Platine (1200K - 5K),1
328,7058,3636.69,329,Dra. Ana Beatriz Porto,437.502.196-99,Platine (1200K - 5K),1
329,40764,4754.16,330,Isis Farias,643.257.018-26,Platine (1200K - 5K),1
330,68328,2907.11,331,Juliana Cunha,069.523.147-25,Platine (1200K - 5K),1
331,14233,1777.54,332,Marcela Pacheco,109.875.436-01,Platine (1200K - 5K),1
332,85667,2769.72,333,Bella Câmara,204.683.517-44,Platine (1200K - 5K),1
333,95847,2365.07,334,José Miguel Santos,254.786.931-46,Platine (1200K - 5K),1
334,56966,2071.95,335,Vitor Sampaio,514.038.796-48,Platine (1200K - 5K),1
335,37436,4298.0,336,Isadora Albuquerque,374.289.510-97,Platine (1200K - 5K),1
336,79332,2488.67,337,Luara Barbosa,641.587.239-73,Platine (1200K - 5K),1
337,30753,621.15,338,Lunna Nogueira,350.621.478-08,Silver (<1200K),0
338,81112,4175.44,339,Sabrina Sales,820.467.913-04,Platine (1200K - 5K),1
339,70157,4357.09,340,Dr. Henry Gabriel Martins,042.391.786-22,Platine (1200K - 5K),1
340,87468,138.63,341,Vinicius da Cunha,865.203.971-21,Silver (<1200K),0
341,51760,2466.85,342,Benicio Jesus,509.684.327-00,Platine (1200K - 5K),1
342,52478,1299.52,343,Isadora Moreira,852.701.396-77,Platine (1200K - 5K),1
343,79136,2345.79,344,Julia Barros,946.152.837-09,Platine (1200K - 5K),1
344,5047,4693.09,345,Heloísa Guerra,478.069.312-87,Platine (1200K - 5K),1
345,27846,2426.69,346,Sr. Dom Ramos,529.314.806-06,Platine (1200K - 5K),1
346,90181,223.32,347,Yago Vasconcelos,365.249.170-06,Silver (<1200K),0
347,32853,318.76,348,Diogo Dias,287.490.135-05,Silver (<1200K),0
348,29174,4629.35,349,Marcos Vinicius da Rocha,508.213.974-60,Platine (1200K - 5K),1
349,52549,4308.27,350,Ian Vieira,098.153.264-06,Platine (1200K - 5K),1
350,36000,4533.9,351,João Vitor Melo,172.945.836-09,Platine (1200K - 5K),1
351,90248,3905.09,352,Ayla Azevedo,254.038.176-62,Platine (1200K - 5K),1
352,81745,1972.27,353,Isaac Pereira,376.825.109-86,Platine (1200K - 5K),1
353,81083,3753.73,354,João Vitor Viana,954.138.270-32,Platine (1200K - 5K),1
354,58732,4849.67,355,Erick Carvalho,859.631.204-89,Platine (1200K - 5K),1
355,59250,2541.83,356,João Fonseca,526.490.183-05,Platine (1200K - 5K),1
356,15775,2400.8,357,Lucas Melo,241.076.953-52,Platine (1200K - 5K),1
357,36903,1866.83,358,Pedro Montenegro,682.450.139-51,Platine (1200K - 5K),1
358,22047,4643.64,359,Joana Cunha,078.164.259-02,Platine (1200K - 5K),1
359,9835,2793.56,360,Yasmin da Costa,150.642.938-60,Platine (1200K - 5K),1
360,88792,1204.22,361,Lunna Andrade,968.302.547-10,Platine (1200K - 5K),1
361,38759,1156.21,362,Dr. Caio Barros,168.907.243-13,Silver (<1200K),0
362,97327,2771.94,363,Hadassa Mendonça,136.792.540-16,Platine (1200K - 5K),1
363,64215,3989.81,364,Catarina Rios,957.410.683-75,Platine (1200K - 5K),1
364,92827,3280.44,365,Vitor Gabriel Martins,923.514.870-79,Platine (1200K - 5K),1
365,87472,2154.56,366,Davi Lucas Santos,075.391.826-95,Platine (1200K - 5K),1
366,79011,3356.46,367,Thiago Freitas,419.286.053-89,Platine (1200K - 5K),1
367,54084,1016.45,369,João Leão,302.857.964-29,Silver (<1200K),0
368,96497,2244.83,370,Evelyn Garcia,927.806.534-00,Platine (1200K - 5K),1
369,71429,2478.58,371,Sophia Pinto,014.279.835-50,Platine (1200K - 5K),1
370,84763,4139.33,372,Henrique Cirino,859.432.760-92,Platine (1200K - 5K),1
371,17237,2128.08,373,Francisco da Paz,541.068.237-80,Platine (1200K - 5K),1
372,25378,2012.1,374,Maria Alice Novaes,381.609.754-57,Platine (1200K - 5K),1
373,63093,4778.22,375,Cauã Rios,147.026.953-80,Platine (1200K - 5K),1
374,10526,4356.24,376,Ana Luiza Melo,297.854.301-97,Platine (1200K - 5K),1
375,1228,488.52,377,Isaac da Cruz,201.896.345-70,Silver (<1200K),0
376,73631,2329.63,378,Vitória da Paz,638.752.104-17,Platine (1200K - 5K),1
377,2465,2226.11,379,Gabriela Carvalho,092.481.635-05,Platine (1200K - 5K),1
378,98879,4036.58,380,Eloah Nogueira,704.829.653-47,Platine (1200K - 5K),1
379,73876,1558.16,381,Luiza Vieira,129.376.058-77,Platine (1200K - 5K),1
380,60078,4444.07,382,Oliver Cirino,502.948.176-11,Platine (1200K - 5K),1
381,16800,4689.15,383,João Miguel Sampaio,386.752.109-30,Platine (1200K - 5K),1
382,7772,3576.83,384,Dr. Luiz Otávio Almeida,271.836.045-35,Platine (1200K - 5K),1
383,8622,2733.0,385,Davi Cirino,271.496.035-99,Platine (1200K - 5K),1
384,47042,26.57,386,Sr. Murilo Montenegro,184.679.502-85,Silver (<1200K),0
385,48204,89.85,387,Rafaela Jesus,937.254.681-09,Silver (<1200K),0
386,54815,3856.15,388,Maitê Rezende,129.607.348-31,Platine (1200K - 5K),1
387,30039,4797.35,389,Evelyn Castro,792.150.684-49,Platine (1200K - 5K),1
388,75790,598.78,390,Carlos Eduardo Camargo,794.038.165-20,Silver (<1200K),0
389,2067,1000.6,391,Maria Luiza Oliveira,081.342.576-07,Silver (<1200K),0
390,33861,4093.32,392,Benício Vasconcelos,694.123.750-34,Platine (1200K - 5K),1
391,97380,3966.88,393,Larissa Carvalho,379.082.516-68,Platine (1200K - 5K),1
392,74179,1389.46,394,Elisa Silva,654.217.803-17,Platine (1200K - 5K),1
393,10139,4674.66,395,Danilo Casa Grande,603.192.847-78,Platine (1200K - 5K),1
394,40214,315.41,396,Sr. Yago Sales,541.896.072-58,Silver (<1200K),0
395,60678,3772.39,397,Ana Júlia Mendes,083.921.764-13,Platine (1200K - 5K),1
396,77411,2338.37,398,Laís Moura,982.041.735-04,Platine (1200K - 5K),1
397,6939,4517.18,399,Thiago Silva,813.765.049-01,Platine (1200K - 5K),1
398,9261,3988.39,400,Joana Silveira,382.067.495-00,Platine (1200K - 5K),1
399,84749,260.62,401,Ravy Peixoto,508.764.392-29,Silver (<1200K),0
400,23879,759.49,402,Srta. Camila Leão,123.568.940-98,Silver (<1200K),0
401,66427,925.69,403,Caio Abreu,104.926.538-60,Silver (<1200K),0
402,36966,2410.62,404,Sabrina Cirino,720.954.613-80,Platine (1200K - 5K),1
403,92792,931.97,405,Ana Clara da Luz,268.315.047-44,Silver (<1200K),0
404,14784,4970.86,406,Clara Sales,379.856.102-86,Platine (1200K - 5K),1
405,98285,4659.27,407,Melissa Ramos,246.579.380-29,Platine (1200K - 5K),1
406,12405,848.13,408,Igor Sales,458.190.763-20,Silver (<1200K),0
407,68842,3853.5,409,Raul Nogueira,480.952.713-14,Platine (1200K - 5K),1
408,89955,4601.4,410,Lara da Paz,054.328.796-38,Platine (1200K - 5K),1
409,19473,849.63,411,Dra. Rebeca Melo,580.391.672-21,Silver (<1200K),0
410,71898,3719.56,412,Srta. Olívia da Mota,124.376.589-55,Platine (1200K - 5K),1
411,76969,3568.89,413,Nicole Costa,759.068.132-68,Platine (1200K - 5K),1
412,99798,758.37,414,Breno Castro,350.926.471-16,Silver (<1200K),0
413,67214,1694.39,415,Eduardo Camargo,167.840.352-08,Platine (1200K - 5K),1
414,40627,3711.0,416,Maria Vitória Farias,946.218.370-87,Platine (1200K - 5K),1
415,63664,1378.0,417,Arthur Gabriel Borges,085.127.369-68,Platine (1200K - 5K),1
416,60692,957.04,418,João Monteiro,680.317.254-62,Silver (<1200K),0
417,21428,4846.42,419,Joaquim Aragão,469.503.871-48,Platine (1200K - 5K),1
418,14033,2891.59,420,Raquel Cirino,826.139.405-06,Platine (1200K - 5K),1
419,52793,4220.08,421,Arthur Gabriel Dias,874.360.519-20,Platine (1200K - 5K),1
420,7567,2704.31,422,Bernardo Campos,385.201.479-41,Platine (1200K - 5K),1
421,42298,3767.46,423,Henrique Rodrigues,728.916.053-30,Platine (1200K - 5K),1
422,15486,1624.94,424,Dr. Lucas Costela,582.690.137-30,Platine (1200K - 5K),1
423,96700,63.39,425,Leandro Montenegro,140.257.968-30,Silver (<1200K),0
424,83648,4323.67,426,Dr. Otávio Cirino,546.972.301-16,Platine (1200K - 5K),1
425,82618,1977.46,427,Dr. Rafael Barros,248.573.061-07,Platine (1200K - 5K),1
426,62492,3931.73,428,Maria Julia Oliveira,739.254.186-28,Platine (1200K - 5K),1
427,57304,2171.65,429,Caleb Ferreira,263.901.475-70,Platine (1200K - 5K),1
428,94480,1876.26,430,Vicente Vasconcelos,497.026.581-01,Platine (1200K - 5K),1
429,53307,174.54,431,Emanuella Souza,756.021.839-30,Silver (<1200K),0
430,38618,4753.9,432,Esther Araújo,072.851.936-40,Platine (1200K - 5K),1
431,99799,723.83,433,Emanuella Cirino,684.091.237-03,Silver (<1200K),0
432,35701,1921.76,434,Luigi Pinto,086.432.759-56,Platine (1200K - 5K),1
433,56259,3272.4,435,Sra. Jade Aparecida,623.401.598-06,Platine (1200K - 5K),1
434,24558,4879.08,436,Gael Henrique Araújo,328.610.497-31,Platine (1200K - 5K),1
435,50276,1914.36,437,Srta. Ana Julia Cirino,183.079.465-57,Platine (1200K - 5K),1
436,88723,4366.64,438,Sr. Thiago Campos,976.541.208-85,Platine (1200K - 5K),1
437,79859,2120.81,439,Sarah Camargo,493.567.820-83,Platine (1200K - 5K),1
438,49974,1013.38,440,Eloá Rezende,870.231.596-30,Silver (<1200K),0
439,98740,99.25,441,Diego Almeida,240.718.365-71,Silver (<1200K),0
440,85316,2103.97,442,Henrique Leão,074.315.682-07,Platine (1200K - 5K),1
441,22841,111.39,443,Josué Cardoso,937.218.465-91,Silver (<1200K),0
442,85651,1302.06,444,Ravi Alves,941.370.285-32,Platine (1200K - 5K),1
443,84562,3569.95,445,Mateus Dias,046.813.952-42,Platine (1200K - 5K),1
444,85858,3947.07,446,Ana Júlia Correia,178.035.942-04,Platine (1200K - 5K),1
445,75416,2904.91,447,Dra. Ana Júlia da Rocha,817.043.965-57,Platine (1200K - 5K),1
446,27342,4997.64,448,Allana Fonseca,492.573.018-50,Platine (1200K - 5K),1
447,45430,781.42,449,Heloisa Ribeiro,748.952.136-09,Silver (<1200K),0
448,79258,1328.97,450,Júlia Alves,648.072.915-30,Platine (1200K - 5K),1
449,55664,3282.07,451,Srta. Ana Carolina Barros,259.814.076-11,Platine (1200K - 5K),1
450,72492,4007.87,452,Ana Lívia Barbosa,210.476.358-44,Platine (1200K - 5K),1
451,93198,2749.09,453,Enzo Lima,643.902.851-06,Platine (1200K - 5K),1
452,69702,3675.18,454,Gabriel Sá,769.245.031-52,Platine (1200K - 5K),1
453,37302,1079.81,455,Kamilly Azevedo,371.580.249-97,Silver (<1200K),0
454,65413,3062.86,456,Ana Vitória Ribeiro,728.905.364-83,Platine (1200K - 5K),1
455,63059,2685.55,457,Isaque Montenegro,948.102.567-58,Platine (1200K - 5K),1
456,56877,1662.93,458,Luana Silva,174.296.503-25,Platine (1200K - 5K),1
457,52691,2306.74,459,Eduarda Farias,697.182.403-22,Platine (1200K - 5K),1
458,66628,3234.29,460,Sr. Isaque Teixeira,820.531.649-05,Platine (1200K - 5K),1
459,37271,1146.12,461,Luiza Rocha,407.936.281-13,Silver (<1200K),0
460,89645,4849.35,462,Melissa Nascimento,473.812.096-40,Platine (1200K - 5K),1
461,84838,199.03,463,Stella Fogaça,054.862.317-17,Silver (<1200K),0
462,50318,967.98,464,André Cavalcante,493.802.516-70,Silver (<1200K),0
463,88086,4708.45,465,Daniel Castro,458.219.670-58,Platine (1200K - 5K),1
464,41228,1108.05,466,Arthur Cavalcanti,815.042.637-07,Silver (<1200K),0
465,6584,2458.06,467,Sr. Danilo Castro,524.316.870-07,Platine (1200K - 5K),1
466,64760,271.2,468,Srta. Heloísa Costa,751.308.942-60,Silver (<1200K),0
467,2652,4811.66,469,Benjamim Abreu,452.639.071-25,Platine (1200K - 5K),1
468,16819,4249.55,470,Sr. João Pedro Pinto,594.708.632-83,Platine (1200K - 5K),1
469,53591,2306.82,471,Calebe Santos,341.280.957-88,Platine (1200K - 5K),1
470,40884,884.74,472,Bella Ribeiro,386.014.592-42,Silver (<1200K),0
471,19937,4532.34,473,Ana Beatriz Pacheco,967.823.451-37,Platine (1200K - 5K),1
472,5734,1873.1,474,Larissa da Luz,926.340.815-70,Platine (1200K - 5K),1
473,70080,4788.47,475,Gabriel da Rocha,856.493.120-60,Platine (1200K - 5K),1
474,41275,3469.33,476,Miguel Carvalho,731.825.049-32,Platine (1200K - 5K),1
475,64132,1260.73,477,Sabrina Jesus,567.104.829-01,Platine (1200K - 5K),1
476,74841,3256.79,478,Enrico Nascimento,501.698.374-75,Platine (1200K - 5K),1
477,49292,123.98,479,Maria Laura Sampaio,758.642.310-53,Silver (<1200K),0
478,18515,4178.65,480,Dr. Davi Miguel Albuquerque,629.857.403-47,Platine (1200K - 5K),1
479,46841,4638.31,481,Melina Pereira,260.158.743-17,Platine (1200K - 5K),1
480,90789,2792.43,482,Maria Luísa Barbosa,196.480.253-98,Platine (1200K - 5K),1
481,40659,2336.59,483,Sr. Yago da Rosa,620.187.439-96,Platine (1200K - 5K),1
482,16924,4876.14,484,Isis Vasconcelos,864.579.102-11,Platine (1200K - 5K),1
483,11604,1528.65,485,Sr. Emanuel Aragão,492.506.137-25,Platine (1200K - 5K),1
484,41933,138.5,486,Eloá Nunes,627.594.813-28,Silver (<1200K),0
485,1666,4429.55,487,Vitória Camargo,273.064.951-43,Platine (1200K - 5K),1
486,32883,3097.41,488,Rafael Ferreira,016.783.542-44,Platine (1200K - 5K),1
487,2058,2411.58,489,Dr. Rafael Sampaio,308.951.246-70,Platine (1200K - 5K),1
488,41064,4097.0,490,Dra. Rebeca Oliveira,029.453.681-70,Platine (1200K - 5K),1
489,51324,2053.68,491,Cauê Sá,971.840.523-23,Platine (1200K - 5K),1
490,72133,4653.14,492,José Nogueira,657.489.102-76,Platine (1200K - 5K),1
491,4616,4277.32,493,Ravy Rodrigues,509.217.483-88,Platine (1200K - 5K),1
492,25540,4091.74,494,Evelyn Aragão,216.397.058-21,Platine (1200K - 5K),1
493,67669,4344.51,495,Ana Cecília Nascimento,972.854.136-82,Platine (1200K - 5K),1
494,77581,2968.47,496,Rebeca Sales,450.792.863-00,Platine (1200K - 5K),1
495,57637,1690.86,497,Nicole Macedo,658.047.321-53,Platine (1200K - 5K),1
496,76126,4623.23,498,Beatriz Gomes,514.097.268-94,Platine (1200K - 5K),1
497,50042,4670.06,499,Vitor Marques,568.740.192-01,Platine (1200K - 5K),1
498,3860,438.05,500,Vitor Hugo da Mota,526.183.790-12,Silver (<1200K),0
499,10430,2489.96,501,Arthur Gabriel Alves,892.106.743-40,Platine (1200K - 5K),1
500,85721,442.28,502,Manuela Viana,571.480.692-11,Silver (<1200K),0
501,69679,559.67,503,Felipe Peixoto,381.094.765-20,Silver (<1200K),0
502,83775,643.35,504,Davi Luiz da Rocha,834.796.012-78,Silver (<1200K),0
503,52677,2905.48,505,Lívia Porto,879.302.614-50,Platine (1200K - 5K),1
504,58857,2330.53,506,Gabriela Ferreira,601.845.793-84,Platine (1200K - 5K),1
505,55844,1905.82,507,Rodrigo Cavalcante,127.369.805-30,Platine (1200K - 5K),1
506,23884,4944.21,508,Kaique da Cunha,417.869.230-50,Platine (1200K - 5K),1
507,1754,1245.83,509,Brayan Nogueira,583.640.921-89,Platine (1200K - 5K),1
508,39847,1532.4,510,Luiz Otávio Gonçalves,728.341.590-41,Platine (1200K - 5K),1
509,93257,3125.15,511,Isabella Azevedo,628.041.579-11,Platine (1200K - 5K),1
510,87092,1428.97,512,Bruna Cardoso,870.961.435-48,Platine (1200K - 5K),1
511,61660,4204.4,513,Luna Martins,901.567.328-40,Platine (1200K - 5K),1
512,49946,2432.61,514,Clara Macedo,891.247.356-55,Platine (1200K - 5K),1
513,52760,4064.61,515,Julia Pacheco,970.362.548-74,Platine (1200K - 5K),1
514,31250,4416.79,516,Theo da Mota,985.261.043-06,Platine (1200K - 5K),1
515,60969,3982.61,517,Zoe Ferreira,207.896.134-50,Platine (1200K - 5K),1
516,69119,2930.83,518,Rael da Luz,389.416.057-84,Platine (1200K - 5K),1
517,22517,2250.71,519,Eduarda Sá,356.789.401-39,Platine (1200K - 5K),1
518,84201,2361.78,520,Vitor Hugo da Mota,435.128.079-41,Platine (1200K - 5K),1
519,99824,4475.92,521,Dr. Lucca Moura,170.693.248-04,Platine (1200K - 5K),1
520,98508,3124.95,522,Dr. Rhavi Martins,742.605.819-02,Platine (1200K - 5K),1
521,51328,1190.17,523,Dr. Murilo da Cruz,730.619.582-40,Silver (<1200K),0
522,19309,4326.7,524,Vinicius Barros,605.928.741-76,Platine (1200K - 5K),1
523,55588,4822.73,525,Bruno Câmara,658.420.379-47,Platine (1200K - 5K),1
524,60960,647.39,526,Dra. Ayla Cardoso,435.268.907-65,Silver (<1200K),0
525,16359,2329.52,527,Luigi Alves,562.781.034-35,Platine (1200K - 5K),1
526,69606,4560.44,528,Dr. Antony Cirino,083.452.176-80,Platine (1200K - 5K),1
527,96346,4090.35,529,Hadassa Camargo,278.361.504-53,Platine (1200K - 5K),1
528,42953,3932.69,530,Mariana Silva,324.817.905-88,Platine (1200K - 5K),1
529,72848,197.85,531,Danilo Mendonça,679.285.034-92,Silver (<1200K),0
530,93135,3616.75,532,Bruno Farias,841.527.069-02,Platine (1200K - 5K),1
531,87334,4242.49,533,Otávio Pastor,649.801.527-67,Platine (1200K - 5K),1
532,67106,1965.0,534,Kamilly Correia,346.197.082-40,Platine (1200K - 5K),1
533,53093,2621.16,535,Yan Azevedo,942.578.016-11,Platine (1200K - 5K),1
534,40280,430.82,536,Dr. Danilo Araújo,052.684.917-76,Silver (<1200K),0
535,87848,4227.79,537,Sr. José Miguel da Rocha,849.153.207-23,Platine (1200K - 5K),1
536,28365,1523.58,538,Leonardo Costela,419.067.853-84,Platine (1200K - 5K),1
537,10326,1583.34,539,Theodoro Andrade,416.872.390-96,Platine (1200K - 5K),1
538,80346,4873.53,540,Maria Laura Macedo,801.964.237-40,Platine (1200K - 5K),1
539,49338,2265.17,541,Dra. Lavínia Araújo,624.037.981-69,Platine (1200K - 5K),1
540,39281,1870.67,542,Rafaela Monteiro,823.749.165-37,Platine (1200K - 5K),1
541,73818,4991.91,543,Ana Cecília Araújo,502.698.174-76,Platine (1200K - 5K),1
542,16623,4887.4,544,Matteo Nascimento,267.940.158-11,Platine (1200K - 5K),1
543,98133,1941.31,545,Calebe Gomes,861.470.523-90,Platine (1200K - 5K),1
544,11265,3568.73,546,Dr. Luiz Felipe Garcia,526.103.978-95,Platine (1200K - 5K),1
545,55901,3899.61,547,Ana Clara Marques,257.148.039-14,Platine (1200K - 5K),1
546,40039,413.79,548,Letícia Ferreira,317.520.648-44,Silver (<1200K),0
547,38565,1132.54,549,Matteo Novais,135.286.940-33,Silver (<1200K),0
548,50610,927.09,550,Luiz Otávio da Costa,387.051.924-04,Silver (<1200K),0
549,19500,3439.16,551,Eloah Vieira,923.516.740-06,Platine (1200K - 5K),1
550,1633,287.18,552,Joana Nunes,342.510.967-70,Silver (<1200K),0
551,94118,1842.93,553,Marina Mendonça,342.568.709-38,Platine (1200K - 5K),1
552,91646,3282.16,554,Apollo Gonçalves,608.735.912-59,Platine (1200K - 5K),1
553,61218,2635.78,555,Evelyn Siqueira,329.018.765-95,Platine (1200K - 5K),1
554,97020,4621.71,556,Murilo Peixoto,716.238.954-64,Platine (1200K - 5K),1
555,68076,2912.34,557,Eloah Melo,197.305.462-07,Platine (1200K - 5K),1
556,68564,1917.49,558,Antônio Sales,576.134.820-90,Platine (1200K - 5K),1
557,20953,4584.59,559,Ravy Souza,705.128.493-23,Platine (1200K - 5K),1
558,94460,4218.88,560,Valentina da Luz,097.524.386-10,Platine (1200K - 5K),1
559,4683,3005.01,561,Léo Fonseca,918.256.734-46,Platine (1200K - 5K),1
560,27062,4665.28,562,Felipe Brito,836.705.429-65,Platine (1200K - 5K),1
561,60706,2997.34,563,Melina Rezende,314.682.957-64,Platine (1200K - 5K),1
562,69399,3061.52,564,Daniela Abreu,912.836.540-24,Platine (1200K - 5K),1
563,77354,4203.56,565,Dr. Renan Cirino,172.368.904-13,Platine (1200K - 5K),1
564,89204,4481.55,566,Benicio Cavalcanti,957.214.038-88,Platine (1200K - 5K),1
565,35087,3050.11,567,Kaique Fernandes,391.804.652-42,Platine (1200K - 5K),1
566,19026,2809.15,568,Calebe Vargas,394.157.062-52,Platine (1200K - 5K),1
567,15073,3988.97,569,Joana Câmara,247.356.190-70,Platine (1200K - 5K),1
568,93786,2320.08,570,Ana Laura Nogueira,956.781.402-30,Platine (1200K - 5K),1
569,72405,4373.08,571,Kamilly Silva,608.429.715-30,Platine (1200K - 5K),1
570,75019,4702.83,572,Luiz Fernando Nogueira,563.794.012-61,Platine (1200K - 5K),1
571,83579,4389.56,573,Emilly Gomes,902.576.431-25,Platine (1200K - 5K),1
572,50306,2940.86,574,João Miguel Viana,064.529.871-94,Platine (1200K - 5K),1
573,96219,171.86,575,Srta. Elisa Cunha,158.073.426-07,Silver (<1200K),0
574,71678,2197.25,576,Maria Vitória Camargo,027.689.154-67,Platine (1200K - 5K),1
575,3692,2142.42,577,Srta. Maria Júlia Porto,683.214.509-89,Platine (1200K - 5K),1
576,70137,4986.39,578,Emilly da Mata,054.972.381-14,Platine (1200K - 5K),1
577,37835,975.95,579,Ian Montenegro,076.295.134-61,Silver (<1200K),0
578,30214,1244.96,580,Maria Alice Viana,637.952.081-30,Platine (1200K - 5K),1
579,39993,896.93,581,Sra. Luana Vargas,768.421.509-49,Silver (<1200K),0
580,71343,3175.47,582,Cauã Ferreira,391.587.026-95,Platine (1200K - 5K),1
581,21402,2373.57,583,Sr. Ravi Lucca da Mota,425.967.308-47,Platine (1200K - 5K),1
582,10507,2180.24,584,Sr. Arthur Gabriel Fonseca,607.148.529-02,Platine (1200K - 5K),1
583,23921,307.86,585,Sr. Alexandre Garcia,547.918.603-57,Silver (<1200K),0
584,30895,2279.81,586,Davi Camargo,134.765.028-80,Platine (1200K - 5K),1
585,33965,3821.22,587,João Felipe Porto,063.514.792-07,Platine (1200K - 5K),1
586,44003,476.47,588,Esther da Luz,384.971.250-88,Silver (<1200K),0
587,22499,65.67,589,Isadora Moura,732.850.196-03,Silver (<1200K),0
588,81437,4208.66,590,Alícia Fonseca,841.067.329-04,Platine (1200K - 5K),1
589,60327,1181.73,591,Sr. Matheus Pires,093.541.276-06,Silver (<1200K),0
590,94994,2331.32,592,Dra. Ísis Rios,572.860.193-68,Platine (1200K - 5K),1
591,54897,3691.51,593,Sra. Mariane Carvalho,132.594.680-05,Platine (1200K - 5K),1
592,84707,2941.27,594,Isabela Gomes,509.468.271-76,Platine (1200K - 5K),1
593,96575,1069.29,595,Dr. João Vitor Brito,597.031.426-99,Silver (<1200K),0
594,13127,4193.12,596,Yuri Viana,506.234.879-00,Platine (1200K - 5K),1
595,49119,4573.27,597,Vitória Oliveira,237.159.860-77,Platine (1200K - 5K),1
596,85669,2232.81,598,Felipe Rios,943.175.268-91,Platine (1200K - 5K),1
597,31461,4682.34,599,Cecilia Novaes,126.754.089-30,Platine (1200K - 5K),1
598,20001,2741.48,600,Dra. Juliana Costela,289.760.514-67,Platine (1200K - 5K),1
599,84668,1708.18,601,Diogo Martins,904.685.372-10,Platine (1200K - 5K),1
600,70219,4326.24,602,Mariah Nascimento,732.650.198-02,Platine (1200K - 5K),1
601,76580,2077.09,603,Srta. Ísis Almeida,263.945.081-60,Platine (1200K - 5K),1
602,13952,4396.89,604,Kevin Machado,629.487.053-47,Platine (1200K - 5K),1
603,9162,2873.41,605,Bernardo Gonçalves,567.049.132-70,Platine (1200K - 5K),1
604,28295,908.88,606,Luiz Miguel Novais,079.264.135-34,Silver (<1200K),0
605,78954,3896.86,607,Fernanda Moraes,687.351.942-19,Platine (1200K - 5K),1
606,27866,1932.13,608,Letícia Costela,913.726.405-25,Platine (1200K - 5K),1
607,56065,148.87,609,Guilherme Aparecida,250.437.681-26,Silver (<1200K),0
608,57064,4092.87,610,Sra. Yasmin Nunes,371.259.840-88,Platine (1200K - 5K),1
609,75020,262.48,611,Dr. Breno Campos,394.682.170-78,Silver (<1200K),0
610,96500,2054.84,612,Brayan da Conceição,396.715.284-73,Platine (1200K - 5K),1
611,19215,197.37,613,Sophia Cavalcanti,852.410.637-90,Silver (<1200K),0
612,84737,1109.53,614,Alexia Carvalho,897.524.130-05,Silver (<1200K),0
613,95201,2562.82,615,Maria Julia Vieira,127.549.608-30,Platine (1200K - 5K),1
614,98747,810.86,616,Thiago Ramos,734.502.916-61,Silver (<1200K),0
615,4434,3240.12,617,Mateus Moreira,894.230.657-83,Platine (1200K - 5K),1
616,19935,1840.78,618,Maria Júlia Camargo,412.308.659-42,Platine (1200K - 5K),1
617,79653,1304.91,619,Theodoro Sousa,639.217.508-30,Platine (1200K - 5K),1
618,66713,4276.97,620,Thomas Ramos,123.908.547-88,Platine (1200K - 5K),1
619,48412,1215.71,621,Enzo Sampaio,123.489.756-37,Platine (1200K - 5K),1
620,16085,4269.84,622,Isaque Lopes,320.745.619-70,Platine (1200K - 5K),1
621,92536,1923.03,623,Brayan da Mota,735.648.019-01,Platine (1200K - 5K),1
622,40711,4732.48,624,Lorena Pastor,782.145.306-44,Platine (1200K - 5K),1
623,70767,1747.28,625,Pietro Vasconcelos,170.536.284-26,Platine (1200K - 5K),1
624,13965,3264.22,626,Jade Lopes,458.619.730-75,Platine (1200K - 5K),1
625,8449,1336.5,627,Dr. Francisco Fogaça,850.793.146-48,Platine (1200K - 5K),1
626,97100,4700.56,628,Bella Sá,075.241.638-35,Platine (1200K - 5K),1
627,14395,1387.44,629,Ana Luiza Nogueira,376.028.495-74,Platine (1200K - 5K),1
628,72690,4910.54,630,Heitor Cardoso,928.645.103-24,Platine (1200K - 5K),1
629,68150,3513.16,631,Dra. Luna Costela,748.621.359-19,Platine (1200K - 5K),1
630,74325,1404.91,632,Otávio Machado,380.745.291-50,Platine (1200K - 5K),1
631,3125,3922.94,633,Ana Abreu,102.567.498-76,Platine (1200K - 5K),1
632,5512,4067.24,634,Nina Carvalho,049.675.382-74,Platine (1200K - 5K),1
633,92575,954.87,635,Sr. Arthur Miguel Cardoso,123.640.879-96,Silver (<1200K),0
634,65903,957.1,636,Heitor Cardoso,190.246.578-49,Silver (<1200K),0
635,27797,1015.51,637,Raquel Guerra,614.357.980-66,Silver (<1200K),0
636,21454,709.13,638,Ana Luiza Novais,839.701.265-68,Silver (<1200K),0
637,82071,217.89,639,Caio Silva,547.928.610-20,Silver (<1200K),0
638,65158,2432.59,640,Lunna das Neves,648.912.530-70,Platine (1200K - 5K),1
639,89189,1184.48,641,José Miguel Martins,782.349.156-73,Silver (<1200K),0
640,77929,107.08,642,Gabriel Mendonça,861.705.329-12,Silver (<1200K),0
641,71326,1758.53,643,Bernardo Cavalcanti,415.297.680-20,Platine (1200K - 5K),1
642,36618,1836.9,644,Dra. Isabel Pastor,782.650.431-71,Platine (1200K - 5K),1
643,85033,345.51,645,Sra. Isis Novaes,503.846.719-93,Silver (<1200K),0
644,32920,2686.81,646,Sabrina Araújo,406.318.257-62,Platine (1200K - 5K),1
645,16548,109.64,647,Mariah da Luz,716.950.382-40,Silver (<1200K),0
646,32847,3485.71,648,Manuela Aragão,208.495.763-00,Platine (1200K - 5K),1
647,17105,2648.15,649,Gael Henrique Almeida,521.986.743-19,Platine (1200K - 5K),1
648,60711,484.93,650,Luísa Novaes,162.978.435-46,Silver (<1200K),0
649,52773,260.97,651,Dra. Ana Sophia Pereira,801.295.736-12,Silver (<1200K),0
650,23306,4054.6,652,Isabella Ferreira,760.958.423-10,Platine (1200K - 5K),1
651,24696,1677.45,653,Ana Beatriz Barbosa,891.602.475-76,Platine (1200K - 5K),1
652,10644,4893.09,654,Beatriz Cirino,049.652.381-33,Platine (1200K - 5K),1
653,24846,853.68,655,Zoe Monteiro,136.097.524-16,Silver (<1200K),0
654,30928,1359.06,656,Thiago Farias,451.970.368-93,Platine (1200K - 5K),1
655,63997,1704.69,657,Luiza Novaes,704.296.318-04,Platine (1200K - 5K),1
656,4950,1150.77,658,Alice Sousa,987.412.065-76,Silver (<1200K),0
657,95345,3654.03,659,Pedro Miguel da Paz,509.243.876-29,Platine (1200K - 5K),1
658,93136,2970.7,660,Emanuella Castro,712.930.548-79,Platine (1200K - 5K),1
659,49985,53.37,661,Joana Sales,901.827.356-21,Silver (<1200K),0
660,94774,63.97,662,Daniel Borges,541.279.063-16,Silver (<1200K),0
661,89722,4261.42,663,Emanuella Lima,128.375.940-32,Platine (1200K - 5K),1
662,17092,1553.55,664,Eduarda Rezende,137.458.962-46,Platine (1200K - 5K),1
663,19885,3854.63,665,Sra. Gabrielly Caldeira,871.306.254-90,Platine (1200K - 5K),1
664,45998,3824.79,666,Pietra Marques,683.295.470-00,Platine (1200K - 5K),1
665,93868,365.15,667,Dr. Henry Nascimento,026.954.317-16,Silver (<1200K),0
666,98344,3474.97,668,Vinicius Farias,285.967.310-59,Platine (1200K - 5K),1
667,48828,4956.51,669,Ana Vitória Novaes,054.381.276-62,Platine (1200K - 5K),1
668,12393,4242.9,670,Isadora Siqueira,928.736.514-82,Platine (1200K - 5K),1
669,18410,4868.4,671,Larissa Peixoto,923.671.850-77,Platine (1200K - 5K),1
670,20892,395.94,672,Melina Montenegro,381.026.574-80,Silver (<1200K),0
671,91844,1491.7,673,Esther Martins,487.012.396-78,Platine (1200K - 5K),1
672,62026,4878.25,674,Dr. Gustavo Henrique Araújo,597.826.340-00,Platine (1200K - 5K),1
673,66978,567.62,675,Yasmin Souza,276.134.509-61,Silver (<1200K),0
674,35771,4701.37,676,Isabelly Fogaça,486.195.270-02,Platine (1200K - 5K),1
675,1503,2924.27,677,Davi Camargo,091.728.365-12,Platine (1200K - 5K),1
676,85223,2689.61,678,Sr. Levi da Costa,041.829.637-50,Platine (1200K - 5K),1
677,13874,1120.75,679,Emanuella Silva,823.715.904-79,Silver (<1200K),0
678,73896,1162.3,680,Luiz Fernando Oliveira,710.825.436-08,Silver (<1200K),0
679,29201,1810.61,681,João Felipe Ramos,947.802.561-94,Platine (1200K - 5K),1
680,50906,270.23,682,Agatha Teixeira,871.095.436-84,Silver (<1200K),0
681,84092,1901.73,683,Ana Carolina Sá,301.297.856-95,Platine (1200K - 5K),1
682,41270,2287.26,684,Cauê Novais,841.036.925-70,Platine (1200K - 5K),1
683,35068,1432.77,685,Olívia da Cunha,706.523.194-16,Platine (1200K - 5K),1
684,67527,3180.61,686,Luiz Fernando Pires,260.719.834-87,Platine (1200K - 5K),1
685,95128,616.0,687,Lucca Rezende,805.794.263-00,Silver (<1200K),0
686,68398,1859.26,688,Dr. Pedro Lucas Moura,495.083.172-05,Platine (1200K - 5K),1
687,47888,2944.21,689,Dr. Henry Gabriel Costela,237.648.015-90,Platine (1200K - 5K),1
688,11445,2758.74,690,Apollo Vargas,052.847.931-88,Platine (1200K - 5K),1
689,85595,3078.86,691,Jade Novais,182.764.390-04,Platine (1200K - 5K),1
690,68094,1218.59,692,Dra. Sabrina Novaes,387.261.940-31,Platine (1200K - 5K),1
691,68578,1018.08,693,Clarice Souza,723.456.180-35,Silver (<1200K),0
692,91669,2008.53,694,Dra. Maria Dias,316.942.057-70,Platine (1200K - 5K),1
693,1157,4060.88,695,Antony Montenegro,358.791.420-60,Platine (1200K - 5K),1
694,48076,550.35,696,Larissa das Neves,724.856.390-00,Silver (<1200K),0
695,20555,4467.73,697,Luiz Otávio da Mata,087.694.351-20,Platine (1200K - 5K),1
696,68473,1445.3,698,Otto Nogueira,408.376.259-47,Platine (1200K - 5K),1
697,72488,3725.38,699,Gabriel Camargo,539.176.842-09,Platine (1200K - 5K),1
698,26411,3605.14,700,Dra. Catarina Azevedo,564.019.782-01,Platine (1200K - 5K),1
699,90722,802.81,701,Antonella da Rosa,843.769.052-83,Silver (<1200K),0
700,15089,1295.09,702,Leonardo Montenegro,817.246.359-64,Platine (1200K - 5K),1
701,66387,3452.89,703,Alana da Mota,963.507.812-95,Platine (1200K - 5K),1
702,16807,4896.22,704,João Gabriel Pires,782.509.436-00,Platine (1200K - 5K),1
703,51015,3938.72,705,Breno Campos,148.573.096-10,Platine (1200K - 5K),1
704,58109,2022.68,706,Beatriz Gonçalves,029.851.476-11,Platine (1200K - 5K),1
705,94181,1545.7,707,Valentim Leão,719.026.354-34,Platine (1200K - 5K),1
706,19335,283.17,708,Maria Clara Sá,436.902.581-89,Silver (<1200K),0
707,17861,4694.99,709,Olivia Nascimento,527.409.386-83,Platine (1200K - 5K),1
708,96275,3229.07,710,Larissa Guerra,368.419.057-84,Platine (1200K - 5K),1
709,75460,4325.45,711,Dr. Yuri Rezende,035.274.869-92,Platine (1200K - 5K),1
710,48135,3867.32,712,Sophia Gomes,695.403.217-43,Platine (1200K - 5K),1
711,49092,4690.59,713,Sr. Anthony Aparecida,496.580.273-00,Platine (1200K - 5K),1
712,82257,3741.02,714,Gael da Mata,136.952.048-42,Platine (1200K - 5K),1
713,68657,2724.06,715,Mathias Caldeira,319.782.540-32,Platine (1200K - 5K),1
714,58206,2416.89,716,Dra. Rafaela Aragão,498.751.362-55,Platine (1200K - 5K),1
715,75620,1581.61,717,Luan Azevedo,384.019.657-48,Platine (1200K - 5K),1
716,81018,2415.05,718,Maria Julia Carvalho,547.620.819-49,Platine (1200K - 5K),1
717,99760,3561.46,719,Davi Luiz Cardoso,327.586.409-29,Platine (1200K - 5K),1
718,7295,673.67,720,Mariana Fonseca,987.362.540-29,Silver (<1200K),0
719,78973,3052.35,721,Alícia Duarte,857.049.362-29,Platine (1200K - 5K),1
720,69318,2897.64,722,Gabriela Melo,291.308.746-96,Platine (1200K - 5K),1
721,72552,3440.44,723,Thiago Almeida,826.430.719-13,Platine (1200K - 5K),1
722,86812,1100.53,724,Sra. Ísis Barbosa,215.389.604-51,Silver (<1200K),0
723,26436,3582.35,725,Bruno Correia,782.930.546-38,Platine (1200K - 5K),1
724,97626,2653.94,726,Eduarda Porto,693.587.104-20,Platine (1200K - 5K),1
725,96578,3185.99,727,Igor Peixoto,521.369.487-09,Platine (1200K - 5K),1
726,18442,220.75,728,Breno Cassiano,954.612.783-37,Silver (<1200K),0
727,55428,1783.24,729,Vitória Gonçalves,201.896.457-76,Platine (1200K - 5K),1
728,23868,3979.81,730,João Araújo,864.970.132-96,Platine (1200K - 5K),1
729,50298,3866.88,731,Sr. Vinicius Garcia,419.526.387-55,Platine (1200K - 5K),1
730,15280,1392.55,732,Maria Clara da Rosa,718.496.305-93,Platine (1200K - 5K),1
731,3665,1593.43,733,Rodrigo Almeida,512.607.438-53,Platine (1200K - 5K),1
732,13639,2424.06,734,Sr. Thiago Andrade,531.876.490-84,Platine (1200K - 5K),1
733,36732,1048.49,735,Camila Teixeira,014.528.673-80,Silver (<1200K),0
734,6327,395.17,736,Sabrina Caldeira,523.814.069-05,Silver (<1200K),0
735,61779,3744.42,737,Ana Cecília Nascimento,306.471.928-96,Platine (1200K - 5K),1
736,38696,57.27,738,Valentina da Mata,169.583.407-01,Silver (<1200K),0
737,59736,4840.13,739,Ana Laura da Costa,981.370.452-79,Platine (1200K - 5K),1
738,65692,2285.15,740,Srta. Fernanda Rios,079.685.243-00,Platine (1200K - 5K),1
739,56062,71.98,741,Yasmin Vieira,283.496.710-50,Silver (<1200K),0
740,39532,4656.01,742,Ana Beatriz Guerra,870.914.265-76,Platine (1200K - 5K),1
741,67561,4676.0,743,Pedro Lucas Almeida,164.379.085-48,Platine (1200K - 5K),1
742,19230,1179.41,744,Théo Rodrigues,815.247.906-30,Silver (<1200K),0
743,98001,4608.55,745,João Monteiro,109.468.235-70,Platine (1200K - 5K),1
744,93728,4335.64,746,Noah Cardoso,945.670.821-76,Platine (1200K - 5K),1
745,25424,2856.28,747,Eloah Novais,248.936.170-87,Platine (1200K - 5K),1
746,79255,2982.19,748,Luna Lima,375.264.891-00,Platine (1200K - 5K),1
747,18151,830.19,749,Srta. Aurora Melo,876.041.539-84,Silver (<1200K),0
748,41347,1708.25,750,Maria Luísa Marques,837.902.541-50,Platine (1200K - 5K),1
749,98264,1503.88,751,Larissa Araújo,742.539.108-23,Platine (1200K - 5K),1
750,79067,4156.38,752,André Garcia,725.061.843-17,Platine (1200K - 5K),1
751,17699,3741.19,753,Lívia Vargas,904.652.378-00,Platine (1200K - 5K),1
752,66096,3967.57,754,Fernanda Guerra,217.536.904-80,Platine (1200K - 5K),1
753,58927,587.83,755,José Silva,901.247.836-78,Silver (<1200K),0
754,99309,2607.1,756,Cecília Pimenta,576.194.308-57,Platine (1200K - 5K),1
755,29862,1912.2,757,Laura Souza,795.038.412-32,Platine (1200K - 5K),1
756,64474,1595.76,758,Lucas Rocha,470.325.169-80,Platine (1200K - 5K),1
757,95969,2730.64,759,Esther Farias,352.468.017-80,Platine (1200K - 5K),1
758,51543,2939.42,760,Dr. Vitor Hugo Teixeira,912.803.746-40,Platine (1200K - 5K),1
759,92397,3201.28,761,Rafaela Caldeira,438.590.761-75,Platine (1200K - 5K),1
760,61686,996.44,762,Maria Laura Vargas,783.204.951-05,Silver (<1200K),0
761,16894,2066.46,763,Bryan Almeida,704.251.836-53,Platine (1200K - 5K),1
762,88657,858.4,764,Thiago Sá,835.201.946-51,Silver (<1200K),0
763,80787,2339.04,765,Ana Sophia Cirino,097.536.128-77,Platine (1200K - 5K),1
764,60992,2459.52,766,Alice Freitas,694.528.103-51,Platine (1200K - 5K),1
765,28038,81.73,767,Anthony Gabriel Garcia,376.085.412-53,Silver (<1200K),0
766,17041,1308.26,768,Ana Lívia Pimenta,876.402.935-29,Platine (1200K - 5K),1
767,36875,2591.06,769,Dra. Juliana Cassiano,598.120.364-15,Platine (1200K - 5K),1
768,39125,898.71,770,Luiza Vieira,710.538.246-53,Silver (<1200K),0
769,77361,2548.73,771,Ana Cecília Rezende,280.651.749-49,Platine (1200K - 5K),1
770,26784,1213.53,772,Dr. José Pedro Mendes,926.317.804-69,Platine (1200K - 5K),1
771,82380,1267.82,773,Dr. Ravy Macedo,846.372.109-50,Platine (1200K - 5K),1
772,36863,1287.69,774,Dra. Stephany Mendonça,504.361.978-39,Platine (1200K - 5K),1
773,36711,541.02,775,Enzo Gabriel Cavalcante,674.832.910-87,Silver (<1200K),0
774,64750,3825.07,776,Sr. Oliver Sousa,052.841.976-58,Platine (1200K - 5K),1
775,72367,2364.54,777,Francisco Macedo,408.725.691-01,Platine (1200K - 5K),1
776,10053,793.98,778,Ana Luiza da Cruz,176.083.425-44,Silver (<1200K),0
777,9624,657.44,779,Isabelly Camargo,367.045.981-20,Silver (<1200K),0
778,88134,1804.38,780,José Pedro da Paz,236.509.478-38,Platine (1200K - 5K),1
779,75393,3144.02,781,Arthur Albuquerque,301.457.896-75,Platine (1200K - 5K),1
780,4142,3878.95,782,Henrique Barbosa,489.361.207-78,Platine (1200K - 5K),1
781,67872,1059.72,783,Caio Brito,739.650.241-16,Silver (<1200K),0
782,63938,4284.33,784,Isaac Carvalho,506.138.794-57,Platine (1200K - 5K),1
783,48869,3718.49,785,Renan da Mota,382.691.507-03,Platine (1200K - 5K),1
784,90403,1403.15,786,Bianca Cavalcanti,147.502.368-53,Platine (1200K - 5K),1
785,59256,2545.65,787,Isis Ramos,695.384.027-74,Platine (1200K - 5K),1
786,80612,4741.18,788,Benjamim da Cunha,183.579.264-28,Platine (1200K - 5K),1
787,88304,3970.77,789,Augusto Martins,219.546.308-24,Platine (1200K - 5K),1
788,15454,4297.59,790,Sra. Juliana Mendonça,904.276.135-07,Platine (1200K - 5K),1
789,33880,2794.04,791,Pedro Freitas,608.231.579-03,Platine (1200K - 5K),1
790,89276,2118.73,792,Fernanda da Cunha,789.150.463-66,Platine (1200K - 5K),1
791,50489,1301.06,793,Sra. Bella Cardoso,312.549.078-23,Platine (1200K - 5K),1
792,55267,54.67,794,Maria Alice da Cunha,458.073.961-20,Silver (<1200K),0
793,65123,1989.86,795,Sr. Heitor Sá,648.170.592-49,Platine (1200K - 5K),1
794,57629,4427.08,796,Davi Lucas Costela,086.291.354-33,Platine (1200K - 5K),1
795,31457,4452.82,797,Danilo Brito,185.602.437-71,Platine (1200K - 5K),1
796,78263,2220.71,798,Gabriel Borges,518.206.479-94,Platine (1200K - 5K),1
797,84971,1705.62,799,Mariane da Cunha,197.485.306-39,Platine (1200K - 5K),1
798,53834,2371.04,800,Luana Casa Grande,237.514.896-73,Platine (1200K - 5K),1
799,8657,4340.42,801,Sr. Kaique Mendes,759.410.286-01,Platine (1200K - 5K),1
800,64676,1223.19,802,Mariana da Rocha,083.175.496-66,Platine (1200K - 5K),1
801,94733,4823.01,803,Maria Fernanda Sá,849.057.326-38,Platine (1200K - 5K),1
802,91643,928.08,804,Isaac Moura,198.265.047-85,Silver (<1200K),0
803,60828,1106.96,805,Rebeca Andrade,973.148.526-00,Silver (<1200K),0
804,40112,1446.66,806,Yan Casa Grande,382.014.659-89,Platine (1200K - 5K),1
805,14512,4654.49,807,Srta. Alexia Camargo,042.617.598-02,Platine (1200K - 5K),1
806,38728,1285.32,808,Sr. Davi Andrade,032.915.684-51,Platine (1200K - 5K),1
807,64954,4372.62,809,Anthony Albuquerque,159.873.260-95,Platine (1200K - 5K),1
808,96276,889.59,810,Maria Fernanda Barbosa,785.034.916-48,Silver (<1200K),0
809,30652,4164.69,811,Benício Nunes,819.067.352-12,Platine (1200K - 5K),1
810,89518,384.47,812,Benjamin Rocha,250.378.964-10,Silver (<1200K),0
811,10121,2391.43,813,João Guilherme Gomes,961.243.750-52,Platine (1200K - 5K),1
812,92805,3530.96,814,Alana Silva,149.873.650-57,Platine (1200K - 5K),1
813,72610,712.81,815,Cauã Fonseca,021.953.487-04,Silver (<1200K),0
814,35209,2743.75,816,Luan Rocha,314.970.865-66,Platine (1200K - 5K),1
815,73799,4236.85,817,Rael Viana,275.608.431-07,Platine (1200K - 5K),1
816,50848,2217.29,818,Dr. Pedro Henrique Rezende,584.036.719-20,Platine (1200K - 5K),1
817,75177,3181.03,819,Jade Melo,580.432.791-79,Platine (1200K - 5K),1
818,23185,3682.49,821,Benício Casa Grande,248.763.159-73,Platine (1200K - 5K),1
819,36195,1612.41,822,Sra. Natália Santos,605.713.428-17,Platine (1200K - 5K),1
820,31900,1961.7,823,Bruno Aragão,062.478.153-44,Platine (1200K - 5K),1
821,87470,107.54,824,Leonardo Casa Grande,327.546.810-35,Silver (<1200K),0
822,10928,238.71,825,Henry Mendonça,532.061.948-06,Silver (<1200K),0
823,39331,328.18,826,Aylla Moraes,965.201.347-16,Silver (<1200K),0
824,81413,3898.3,827,Elisa Castro,986.524.173-00,Platine (1200K - 5K),1
825,25633,3623.66,828,Sr. Yan Guerra,680.712.439-22,Platine (1200K - 5K),1
826,18783,4632.13,829,Hellena Souza,245.031.698-15,Platine (1200K - 5K),1
827,21213,3215.15,830,Dr. Benjamin Farias,490.385.761-10,Platine (1200K - 5K),1
828,80004,2300.86,831,Sophie Barbosa,956.201.784-20,Platine (1200K - 5K),1
829,89925,468.67,832,Ana Liz Câmara,916.837.045-84,Silver (<1200K),0
830,34925,887.56,833,Dra. Alexia Viana,857.630.291-86,Silver (<1200K),0
831,67941,3918.73,834,Bruna Moraes,194.320.756-99,Platine (1200K - 5K),1
832,97025,82.0,835,Srta. Ana Júlia Novaes,456.213.709-61,Silver (<1200K),0
833,17501,3814.05,836,Sra. Nina Andrade,432.815.679-91,Platine (1200K - 5K),1
834,26920,4283.79,837,Luna Borges,954.361.208-06,Platine (1200K - 5K),1
835,98632,1256.52,838,Sofia Nogueira,180.592.746-94,Platine (1200K - 5K),1
836,81932,4833.42,839,Dra. Joana Cunha,361.409.752-80,Platine (1200K - 5K),1
837,22199,3317.7,840,José Miguel Fernandes,340.265.198-05,Platine (1200K - 5K),1
838,61116,2649.56,841,Ana Laura Pastor,793.814.256-55,Platine (1200K - 5K),1
839,31210,2089.61,842,Joaquim Santos,210.564.978-58,Platine (1200K - 5K),1
840,15104,3075.04,843,Agatha Cavalcante,058.371.492-79,Platine (1200K - 5K),1
841,33825,2925.86,844,Anna Liz Pimenta,519.804.236-60,Platine (1200K - 5K),1
842,5966,304.56,845,Sra. Ester Farias,691.305.728-86,Silver (<1200K),0
843,29434,696.84,846,Alexia Martins,352.190.467-99,Silver (<1200K),0
844,9618,2005.07,847,Ana Almeida,154.296.037-16,Platine (1200K - 5K),1
845,34873,1619.4,848,Srta. Emilly Viana,983.457.261-19,Platine (1200K - 5K),1
846,60029,4912.03,849,Cecilia da Conceição,120.687.395-77,Platine (1200K - 5K),1
847,28496,4156.15,850,Felipe Ferreira,487.632.519-73,Platine (1200K - 5K),1
848,9131,4060.01,851,Zoe da Rosa,469.783.150-01,Platine (1200K - 5K),1
849,36402,2167.71,852,Otávio das Neves,751.082.934-88,Platine (1200K - 5K),1
850,98239,45.22,853,Natália Câmara,692.014.587-11,Silver (<1200K),0
851,85295,3520.7,854,Eduardo Barbosa,584.720.963-00,Platine (1200K - 5K),1
852,41181,1045.89,855,Sra. Mariah Cirino,165.397.820-12,Silver (<1200K),0
853,65773,1585.21,856,Enzo Câmara,625.310.978-21,Platine (1200K - 5K),1
854,53273,1800.86,857,Natália Fernandes,508.293.467-83,Platine (1200K - 5K),1
855,71514,3368.99,858,Erick Sousa,230.165.847-35,Platine (1200K - 5K),1
856,14786,3367.39,859,Sabrina Pastor,173.829.064-69,Platine (1200K - 5K),1
857,58002,3896.62,860,Ayla Vargas,958.137.064-10,Platine (1200K - 5K),1
858,56671,746.97,861,João Gabriel Souza,706.182.534-08,Silver (<1200K),0
859,89781,3049.57,862,Dante Albuquerque,935.708.146-10,Platine (1200K - 5K),1
860,61708,785.61,863,João da Luz,581.423.796-19,Silver (<1200K),0
861,92756,3795.59,864,Maria Clara Barros,570.241.863-80,Platine (1200K - 5K),1
862,46816,1177.75,865,Lara Castro,381.749.250-23,Silver (<1200K),0
863,42189,1136.56,866,Maria Flor Câmara,679.528.031-40,Silver (<1200K),0
864,54505,3241.22,867,Benício da Costa,895.612.437-09,Platine (1200K - 5K),1
865,31342,1288.06,868,Caleb Freitas,546.172.389-64,Platine (1200K - 5K),1
866,78643,2208.36,869,Sra. Eduarda Casa Grande,938.074.125-14,Platine (1200K - 5K),1
867,20595,2203.04,870,Kaique Vieira,129.806.345-06,Platine (1200K - 5K),1
868,79790,4056.99,871,Ravi Teixeira,352.687.941-91,Platine (1200K - 5K),1
869,21536,680.68,872,Dra. Maya Sousa,502.196.374-07,Silver (<1200K),0
870,71597,4117.08,873,Dom Vargas,354.690.872-47,Platine (1200K - 5K),1
871,13902,2801.63,874,Apollo Ribeiro,645.870.219-11,Platine (1200K - 5K),1
872,62390,1742.42,875,Vitória Abreu,543.260.198-24,Platine (1200K - 5K),1
873,87275,4960.71,876,Gabrielly Rocha,407.851.392-14,Platine (1200K - 5K),1
874,35747,1981.39,877,Ana Liz Novais,238.795.640-00,Platine (1200K - 5K),1
875,24271,2992.37,878,Lunna Casa Grande,459.327.680-29,Platine (1200K - 5K),1
876,43914,3869.26,879,Elisa Vieira,693.812.047-13,Platine (1200K - 5K),1
877,20945,1367.85,880,Dra. Maria Monteiro,015.748.269-30,Platine (1200K - 5K),1
878,34670,2945.86,881,Vitor Hugo Pereira,527.143.908-97,Platine (1200K - 5K),1
879,86049,4514.5,882,Cecilia Ferreira,276.834.901-13,Platine (1200K - 5K),1
880,51579,4643.23,883,Joana Leão,627.831.594-73,Platine (1200K - 5K),1
881,82652,4733.05,884,Alexia Mendonça,218.503.764-17,Platine (1200K - 5K),1
882,55731,3267.37,885,Henry Gabriel Monteiro,024.378.169-50,Platine (1200K - 5K),1
883,44906,3666.94,886,Esther Castro,734.298.605-47,Platine (1200K - 5K),1
884,51210,1804.05,887,Dra. Maria Pastor,738.012.945-79,Platine (1200K - 5K),1
885,79355,1198.44,888,Bella Andrade,903.142.586-98,Silver (<1200K),0
886,93472,1382.52,889,Yago Martins,731.405.689-75,Platine (1200K - 5K),1
887,44259,1377.78,890,Gustavo Novais,236.097.185-95,Platine (1200K - 5K),1
888,75631,2380.65,891,Isabelly Correia,718.590.236-30,Platine (1200K - 5K),1
889,37025,4867.56,892,João Castro,084.536.271-26,Platine (1200K - 5K),1
890,15110,386.0,893,Zoe Cardoso,826.970.315-02,Silver (<1200K),0
891,20331,3450.52,894,Yasmin Santos,739.652.084-38,Platine (1200K - 5K),1
892,72843,1547.04,895,Isabelly Farias,548.671.932-91,Platine (1200K - 5K),1
893,26779,1861.37,896,Gabriel Camargo,792.136.458-64,Platine (1200K - 5K),1
894,75538,2821.01,897,Lunna Albuquerque,360.257.491-16,Platine (1200K - 5K),1
895,90286,1884.31,898,Matheus Moura,568.730.194-10,Platine (1200K - 5K),1
896,48812,3849.07,899,Cauã da Cruz,736.920.518-59,Platine (1200K - 5K),1
897,30254,3588.63,900,Luara Montenegro,691.853.742-37,Platine (1200K - 5K),1
898,56948,3437.87,901,Maria Luísa da Rocha,987.320.145-97,Platine (1200K - 5K),1
899,56188,2824.49,902,Vicente Alves,826.495.170-85,Platine (1200K - 5K),1
900,31286,2378.32,903,Sr. Valentim Aragão,730.826.514-53,Platine (1200K - 5K),1
901,43973,3545.26,904,Liz da Cruz,620.138.974-13,Platine (1200K - 5K),1
902,44084,1605.42,905,Srta. Maria Flor Pastor,563.280.471-26,Platine (1200K - 5K),1
903,33408,59.35,906,Sr. Josué Duarte,069.382.714-96,Silver (<1200K),0
904,71446,3625.2,907,Lucca da Rocha,789.652.043-56,Platine (1200K - 5K),1
905,91724,296.04,908,Benjamin Costa,285.796.034-47,Silver (<1200K),0
906,57083,3873.82,909,Rebeca Jesus,847.932.150-41,Platine (1200K - 5K),1
907,54804,2942.31,910,Sra. Mariah Marques,378.460.129-40,Platine (1200K - 5K),1
908,86581,4206.22,911,Pedro Lucas Pastor,184.650.792-85,Platine (1200K - 5K),1
909,37799,24.78,912,Ian Garcia,087.134.259-60,Silver (<1200K),0
910,28441,4240.67,913,Sr. Cauê Macedo,058.924.163-05,Platine (1200K - 5K),1
911,31211,4881.02,914,Rafael Fernandes,427.956.018-85,Platine (1200K - 5K),1
912,54148,2558.75,915,Maysa Sousa,193.480.275-14,Platine (1200K - 5K),1
913,46264,3478.19,916,Dra. Milena Souza,814.569.032-33,Platine (1200K - 5K),1
914,21953,545.96,917,Vitória da Mata,321.780.645-07,Silver (<1200K),0
915,40141,3999.1,918,Sr. Otávio Cardoso,609.271.843-03,Platine (1200K - 5K),1
916,81694,335.57,919,Dante Pinto,762.301.498-69,Silver (<1200K),0
917,71052,1631.64,920,Sabrina Mendes,012.689.734-40,Platine (1200K - 5K),1
918,67374,482.99,921,Maria Luísa Albuquerque,350.241.796-25,Silver (<1200K),0
919,78661,4877.36,922,Dr. Anthony Fogaça,407.381.562-80,Platine (1200K - 5K),1
920,96994,3593.04,923,Francisco Caldeira,218.340.756-53,Platine (1200K - 5K),1
921,12152,3322.61,924,Ísis Mendes,703.165.892-68,Platine (1200K - 5K),1
922,44926,952.19,925,Joana Nunes,138.790.256-30,Silver (<1200K),0
923,85382,3716.43,926,Maria Alice Mendes,829.617.340-96,Platine (1200K - 5K),1
924,84828,3050.32,927,Juan Vieira,906.874.132-22,Platine (1200K - 5K),1
925,9423,1761.23,928,Aurora Borges,362.980.574-47,Platine (1200K - 5K),1
926,58461,2118.54,929,Maria Pacheco,164.587.309-93,Platine (1200K - 5K),1
927,97019,95.89,930,Sr. Henrique Cavalcanti,249.678.351-55,Silver (<1200K),0
928,38989,3255.68,931,Heloisa Farias,078.295.641-67,Platine (1200K - 5K),1
929,31177,1360.69,932,Rael Porto,728.394.601-22,Platine (1200K - 5K),1
930,88620,1069.73,933,Nina da Costa,759.068.432-56,Silver (<1200K),0
931,42713,2149.87,934,Enzo Peixoto,685.932.470-83,Platine (1200K - 5K),1
932,69137,4197.87,935,Aurora da Conceição,629.340.815-24,Platine (1200K - 5K),1
933,2982,2850.18,936,Maria Luísa da Mota,593.784.061-57,Platine (1200K - 5K),1
934,59755,699.99,937,Ana Clara da Rosa,751.940.368-84,Silver (<1200K),0
935,84719,3936.69,938,Sr. Kevin Fonseca,602.583.741-44,Platine (1200K - 5K),1
936,3372,2253.0,939,Yuri Cardoso,423.918.560-24,Platine (1200K - 5K),1
937,20295,3783.91,940,Sr. Rodrigo Rocha,423.879.105-32,Platine (1200K - 5K),1
938,49797,2855.54,941,Rebeca Garcia,673.581.429-00,Platine (1200K - 5K),1
939,75027,2312.25,942,Manuella Pinto,736.084.291-31,Platine (1200K - 5K),1
940,45976,2946.79,943,Srta. Agatha da Rocha,609.285.743-00,Platine (1200K - 5K),1
941,12058,932.2,944,Oliver Cirino,713.042.589-04,Silver (<1200K),0
942,79113,2790.1,945,Ana Gonçalves,359.061.782-95,Platine (1200K - 5K),1
943,27240,1629.3,946,Kevin Gonçalves,536.209.417-34,Platine (1200K - 5K),1
944,65260,1582.52,947,Esther Sá,720.184.963-87,Platine (1200K - 5K),1
945,25899,790.53,948,Dra. Ayla Silva,584.973.601-84,Silver (<1200K),0
946,92912,1793.83,949,Otávio da Rosa,328.096.754-65,Platine (1200K - 5K),1
947,64809,1656.02,950,Luiz Felipe Fogaça,587.439.206-83,Platine (1200K - 5K),1
948,94011,4548.9,951,Ian Camargo,634.780.291-04,Platine (1200K - 5K),1
949,76838,4041.17,952,Juan Teixeira,609.451.273-16,Platine (1200K - 5K),1
950,65222,4515.18,953,Maria Julia Gonçalves,459.128.037-32,Platine (1200K - 5K),1
951,47987,1947.96,954,Ravi Lucca Siqueira,190.583.742-97,Platine (1200K - 5K),1
952,10905,2655.02,955,Sofia Carvalho,219.586.734-55,Platine (1200K - 5K),1
953,60238,4542.92,956,Breno Alves,317.459.206-25,Platine (1200K - 5K),1
954,34451,2272.57,957,Clarice Ribeiro,356.029.781-86,Platine (1200K - 5K),1
955,32843,4093.39,958,Isis Sá,184.623.705-07,Platine (1200K - 5K),1
956,47554,987.52,959,Sr. Ravy Almeida,089.123.547-79,Silver (<1200K),0
957,10838,3086.32,960,Vinícius Dias,321.796.548-55,Platine (1200K - 5K),1
958,33923,636.51,961,Henrique Garcia,150.923.847-60,Silver (<1200K),0
959,2045,2378.46,962,Ravy Araújo,031.674.985-01,Platine (1200K - 5K),1
960,6051,3737.17,963,Hellena Abreu,906.431.728-31,Platine (1200K - 5K),1
961,1104,2632.3,964,Julia Novais,127.386.450-62,Platine (1200K - 5K),1
962,35662,3947.2,965,Heloísa Lima,395.178.264-19,Platine (1200K - 5K),1
963,30773,1228.52,966,Maya Macedo,046.182.739-50,Platine (1200K - 5K),1
964,39200,2069.22,967,Rael Azevedo,140.789.532-04,Platine (1200K - 5K),1
965,26141,707.39,968,Asafe Leão,460.213.587-08,Silver (<1200K),0
966,34860,3543.35,969,Sra. Ana Beatriz Lopes,916.830.527-30,Platine (1200K - 5K),1
967,35635,3662.49,970,Dr. Lucas Gabriel Duarte,501.672.834-80,Platine (1200K - 5K),1
968,77593,2162.62,971,Sra. Isis Leão,017.548.392-23,Platine (1200K - 5K),1
969,65959,565.72,972,Olivia Costela,692.803.745-83,Silver (<1200K),0
970,1440,866.61,973,Brayan Aragão,358.941.067-10,Silver (<1200K),0
971,64663,4727.9,974,Maria Siqueira,914.620.573-06,Platine (1200K - 5K),1
972,7356,1963.4,975,Srta. Natália Campos,870.436.192-03,Platine (1200K - 5K),1
973,21357,3801.1,976,Sr. Theo Sousa,728.456.091-67,Platine (1200K - 5K),1
974,67403,342.51,977,Dr. Calebe Viana,601.859.742-01,Silver (<1200K),0
975,22855,670.67,978,Dra. Maria Clara Sá,820.436.519-51,Silver (<1200K),0
976,16187,2292.53,979,Dr. Yan Teixeira,650.481.397-39,Platine (1200K - 5K),1
977,62146,77.5,980,Ravi Lucca Moreira,683.102.945-06,Silver (<1200K),0
978,27553,322.21,981,Ravy Lopes,697.580.321-86,Silver (<1200K),0
979,66140,1317.35,982,Gustavo Araújo,146.789.520-20,Platine (1200K - 5K),1
980,52852,3151.63,983,Benjamin Montenegro,732.194.506-52,Platine (1200K - 5K),1
981,72582,1168.1,984,Henrique Santos,239.870.561-77,Silver (<1200K),0
982,77165,1757.57,985,Benicio Cardoso,124.896.570-11,Platine (1200K - 5K),1
983,56584,167.95,986,Asafe Viana,154.703.628-17,Silver (<1200K),0
984,51999,3882.15,987,Léo Dias,743.695.081-93,Platine (1200K - 5K),1
985,4408,503.33,988,Maria Machado,530.896.421-15,Silver (<1200K),0
986,62811,4801.47,989,Bárbara das Neves,236.709.854-92,Platine (1200K - 5K),1
987,54499,1675.24,990,Lucca Souza,620.897.145-49,Platine (1200K - 5K),1
988,53916,1961.5,991,Catarina da Costa,594.027.613-06,Platine (1200K - 5K),1
989,52235,3804.92,992,Sra. Ana Beatriz Lima,193.570.684-57,Platine (1200K - 5K),1
990,14185,1867.67,993,Ana Clara da Mota,395.810.467-39,Platine (1200K - 5K),1
991,1429,674.17,994,Dra. Júlia da Rocha,926.578.014-20,Silver (<1200K),0
992,76609,59.85,995,Gabrielly Jesus,056.892.174-76,Silver (<1200K),0
993,38353,4910.9,996,Yasmin Carvalho,325.476.081-62,Platine (1200K - 5K),1
994,9410,4174.24,997,Augusto Moraes,856.412.390-89,Platine (1200K - 5K),1
995,94424,1252.7,998,Yan Barbosa,463.290.187-31,Platine (1200K - 5K),1
996,9047,64.33,999,Vitor Hugo Cavalcanti,023.845.169-06,Silver (<1200K),0
997,18397,48.15,1000,Laura Andrade,610.754.389-93,Silver (<1200K),0
998,53832,4138.94,1001,Daniela Sousa,158.679.324-19,Platine (1200K - 5K),1
999,63790,438.49,1002,Davi Miguel Nogueira,785.913.604-00,Silver (<1200K),0
1000,97718,366.51,1003,Yan Machado,641.350.289-42,Silver (<1200K),0
1001,73218,1366.86,1004,Dra. Maria Luiza Vasconcelos,647.501.389-75,Platine (1200K - 5K),1
1002,38836,4733.84,1005,Dr. Henry Gabriel Casa Grande,016.384.572-71,Platine (1200K - 5K),1
1003,8283,4696.92,1006,Cauê Correia,564.093.172-80,Platine (1200K - 5K),1
1004,18552,4853.6,1007,Arthur Cavalcanti,276.308.419-22,Platine (1200K - 5K),1
1005,11873,3136.36,1008,Heitor Gonçalves,726.318.905-40,Platine (1200K - 5K),1
1006,6295,2847.33,1009,Guilherme da Rocha,391.546.720-07,Platine (1200K - 5K),1
1007,77707,1810.24,1010,Agatha Macedo,397.061.582-86,Platine (1200K - 5K),1
1008,95796,3953.36,1011,Lorenzo Campos,638.910.275-59,Platine (1200K - 5K),1
1009,15723,4611.99,1012,Giovanna Moraes,912.458.760-58,Platine (1200K - 5K),1
1010,87538,2249.51,1013,Brayan Campos,794.528.063-38,Platine (1200K - 5K),1
1011,65884,3625.78,1014,Luiz Gustavo Sá,985.134.726-46,Platine (1200K - 5K),1
1012,1569,10000.0,1015,Carlos Alexandre Bonavita,950.160.070-40,Gold (5K - 14K),2
